Rain[mm];Tmax[C];Tmin[C];Rhmean[%];Windspeed[m/s];RS[MJ/m²*day];Cloud[%]
0;3.10;-0.80;91.60;4.30;0.584;100
0;7.20;3.40;77.90;6.60;1;100
0;6.50;2.60;71.90;5.40;2.97;61.12964569
0;6.90;2.70;81.90;5.30;0.705;100
0;5.10;1.80;89.30;2.30;1;100
0;7.00;2.10;97.80;1.20;0.827;100
0;7.80;1.50;93.90;3.10;2;94.53355188
0;6.90;-0.80;85.10;3.70;2;99.41578347
0;10.40;2.40;89.30;4.20;0.86;100
2.1;2.30;-4.20;90.60;2.20;1;100
0;0.10;-7.30;94.20;2.00;3;55.76006533
0;3.00;-3.20;95.90;3.60;0.768;100
0;-0.20;-1.90;97.80;2.60;1;100
1.2;6.10;-0.10;97.00;3.50;0.235;100
0;6.00;5.10;83.50;4.30;0.534;100
0.3;5.30;3.20;82.70;5.10;0.479;100
0;4.30;-1.20;77.00;2.60;1;100
0.8;6.00;-1.10;94.40;3.30;0.689;100
13.4;6.30;-1.50;96.20;3.80;0.547;100
0;-2.30;-7.90;81.00;4.80;2;100
0;-3.90;-9.60;86.00;1.70;4;56.01712808
0;-5.00;-11.00;88.00;2.60;3;72.22681183
0;-4.30;-10.10;90.10;1.90;3;79.8596699
0;-2.50;-8.30;91.90;0.80;3;80.89953963
0;-5.00;-9.30;98.00;0.00;1;100
0.1;-0.40;-5.90;98.60;0.00;0.662;100
0.1;0.70;-0.50;98.90;0.00;1.18;100
0;0.10;-1.50;95.60;1.60;1;100
0;1.60;-0.10;97.60;2.10;0.887;100
0;2.70;-0.10;93.90;1.50;2;100
0;-0.30;-1.30;96.90;1.20;0.593;100
0;-0.20;-1.10;96.30;1.70;0.609;100
0;0.10;-1.60;97.20;2.70;0.665;100
4.5;3.70;-1.60;89.20;5.70;1;100
0.2;3.30;0.10;81.10;4.90;3;92.08275379
0.9;3.50;0.30;89.20;4.20;1;100
1;7.30;-0.70;95.50;2.10;0.961;100
0;7.80;6.30;82.50;3.80;2;100
0;6.20;-1.00;79.70;1.80;2;100
0;8.20;-1.90;87.30;1.50;6;52.46713049
0.4;8.00;-0.20;87.50;3.20;3;97.72668247
3.3;5.10;0.10;97.30;2.40;1;100
0.4;7.70;3.70;92.90;1.50;3;99.01478816
2;11.20;5.00;94.40;2.30;3;100
2.7;6.50;1.10;93.90;2.70;3;96.63818124
5.4;7.50;1.30;89.90;4.80;2;100
0.3;4.30;0.00;83.50;5.30;2.17;100
0;0.40;-3.70;87.20;4.30;5;84.16527787
0;-1.00;-6.00;81.30;2.60;4;87.8385135
0.2;1.60;-1.40;85.40;3.50;2;100
0;3.20;-3.70;90.70;2.50;5;78.09445727
1.1;3.50;1.30;95.50;2.40;2;100
0.1;5.10;2.20;86.20;3.50;4;100
4.4;8.40;2.50;85.00;6.00;2;100
0;7.20;0.90;83.00;2.50;7;56.92999318
0;6.80;-1.40;90.30;0.00;3;100
0;8.90;-0.20;79.80;1.40;6;74.98058433
0;10.60;-0.20;87.50;0.50;7;67.5907576
0;13.70;-2.40;86.40;0.60;7;65.30103567
0;13.60;2.10;82.20;1.30;6.82;69.50964865
0;15.90;0.50;74.70;1.50;9;41.76860372
1.1;14.60;2.10;78.40;3.60;5;92.64750786
4.2;7.90;2.70;85.30;5.90;3;100
0;11.50;4.80;73.00;3.50;10;38.40243034
0;13.60;-0.50;83.00;1.00;9;49.22986255
4.8;10.70;2.50;88.80;2.00;2;100
0.2;8.10;4.70;93.60;1.20;4;100
0;12.00;1.20;67.50;2.80;10;42.87207818
0;12.80;-0.30;63.80;1.70;11;41.12724338
0;13.40;-2.30;62.00;2.70;10;45.10809275
2.8;6.90;1.10;73.40;5.20;6;91.57707254
7.7;7.00;-0.50;92.00;6.40;3;100
7.2;7.10;0.30;93.20;5.30;2;100
0;4.00;-0.10;64.70;5.80;9;69.46065975
1.1;2.50;-1.80;87.00;4.30;9;68.07961479
0;5.50;-1.20;65.40;4.00;10;61.83843506
0;5.80;-4.50;84.40;1.90;7;86.87149154
0;11.40;3.10;89.20;1.80;8;77.98594227
0.3;13.30;0.70;84.70;3.10;9;67.04309974
6.8;8.10;3.90;92.80;2.90;4;100
7.5;12.30;4.20;94.50;3.40;4;100
8.1;8.60;2.90;81.00;4.60;7;89.83370567
2.3;7.60;-0.50;84.40;2.50;8.89;75.88997256
0;7.10;-1.30;87.90;4.90;7;91.07386977
12.9;2.60;1.10;96.40;4.40;1.24;100
0.3;7.30;1.30;79.50;3.20;8;83.99958284
1.4;3.70;1.10;93.10;3.10;4;100
5.5;2.80;0.40;94.40;3.40;6;99.77924403
0.1;4.30;-0.90;88.50;3.10;7;92.55106306
0;5.70;-2.80;80.40;2.40;9;84.12948256
0;12.20;0.00;74.60;5.20;14.95;37.25656274
2.9;15.30;3.10;83.20;5.20;10;79.06762093
0;13.40;2.10;73.30;2.80;14;49.36898382
1.6;11.20;1.70;80.70;2.40;12;64.73634884
0;8.90;2.00;77.10;2.60;10;81.31159703
0;7.40;-0.10;75.70;1.70;12.18;63.24215939
0;8.30;-2.70;82.70;1.40;9;89.51259967
0;23.40;2.00;62.00;1.40;15;43.22661896
0;23.40;3.20;42.90;2.00;18;26.65813575
0;12.00;-1.60;69.10;2.10;13;58.65747889
0;13.40;-2.20;64.80;0.80;17;34.81932775
0;15.60;3.50;65.50;1.40;12;68.58687851
0;16.80;4.60;64.50;1.50;13;64.32964669
1.5;11.80;5.90;63.60;3.60;12;68.04581134
6.3;9.70;4.20;84.70;5.00;10;87.87298512
0.7;18.00;3.90;66.90;4.10;6;100
0.9;7.70;1.60;81.80;4.20;6;100
0.4;6.90;0.10;81.10;3.30;15;54.18584518
2.5;10.10;1.40;87.10;3.90;11;82.52748458
2;10.50;5.10;65.40;6.00;16;48.65368702
0;9.40;2.10;55.00;5.00;17;46.14384152
0;11.90;-2.00;56.10;2.00;22;15.29195658
0;13.90;2.20;52.90;3.50;18;43.87395171
1.3;9.60;1.00;83.50;1.00;7;100
0;15.80;5.50;76.70;1.30;13;71.36813427
0;24.90;8.00;64.30;3.20;18;42.15946857
6.9;19.70;10.10;79.30;1.50;13;74.25978923
0.4;16.80;6.90;70.70;3.00;15;63.61225034
0;17.40;2.80;66.60;3.10;14;68.53819473
7.3;13.00;6.00;84.90;2.90;9;99.34957302
0;14.60;1.60;72.40;1.10;16;56.15466004
0.1;17.50;5.60;70.30;4.20;18;49.23285344
1.4;10.00;6.50;87.30;1.70;7.33;100
0;12.10;5.10;74.50;1.90;16;62.45221996
0;13.60;1.20;68.50;1.30;23;21.2564834
0;16.00;1.00;67.70;1.10;25;10.06527116
0;18.40;2.30;60.60;2.20;22;26.80064124
2;16.50;10.80;85.10;3.00;6;100
0;18.10;12.60;85.30;4.00;7;100
0;18.10;12.60;85.30;4.00;7;100
0;18.10;12.60;85.30;4.00;7;100
0;18.10;12.60;85.30;4.00;7;100
0;18.10;12.60;85.30;4.00;7;100
0;18.10;12.60;85.30;4.00;7;100
0;22.40;14.80;62.10;3.60;9;100
0;19.70;9.80;83.50;2.30;7;100
0;18.10;12.60;85.30;4.00;7;100
0;17.50;7.80;62.70;4.00;19.09;51.37274627
0;18.20;4.20;59.30;2.90;27;12.55427717
0;18.10;12.60;85.30;4.00;7;100
0;24.50;13.00;43.60;3.00;25.53;19.79193687
0;25.80;9.50;59.90;1.10;25;23.68755001
0;26.60;11.50;60.70;2.30;24;28.57935717
0;27.00;11.40;56.50;3.90;25;23.74005083
0;24.50;9.90;52.50;4.30;28;11.53173286
0;22.70;8.40;46.60;4.00;28;11.38558389
0;21.50;7.30;56.80;3.70;25;24.95256738
10.4;24.50;11.40;73.30;2.80;23;36.52081535
0.1;20.50;10.40;64.90;2.70;27;14.21498231
0;21.50;10.50;67.70;3.70;21;44.6123821
0;24.30;8.60;65.60;2.10;25;26.1138005
0;24.40;9.60;60.80;1.90;25.83;23.00487815
0;26.10;11.30;55.80;3.20;21;47.39854535
0;29.40;12.50;52.80;3.90;25.01;27.63644207
0;27.60;14.40;69.20;2.50;12;92.05021496
0;29.60;13.70;58.00;3.80;26;24.15353747
0;28.60;12.40;53.60;3.70;26;23.36107633
1.4;25.10;13.70;66.80;3.40;17;68.39485057
0;23.70;12.20;53.00;4.20;24;32.34957119
0.2;24.20;13.90;60.50;3.40;23;40.29243179
4.4;24.70;13.20;64.30;2.70;18;60.85173978
0.4;18.50;10.00;77.40;3.50;15;79.63552562
4.5;16.30;10.00;84.10;1.90;10;100
8;20.00;12.00;90.20;2.70;9;100
0;21.00;11.80;79.40;3.20;23;38.59262741
0;25.20;11.80;61.70;2.00;26.31;23.57481782
0;25.10;15.60;67.20;1.60;15;77.54453375
0;23.80;11.90;73.20;2.00;16;73.75016973
0;24.50;11.40;60.60;2.50;27;22.83655695
0;22.30;10.10;62.90;1.90;21;48.13126151
0;26.70;12.20;53.90;4.40;27;21.89426343
0;26.80;15.30;54.60;3.80;23;40.48612312
0;26.90;14.20;52.60;2.30;25;31.50539079
0;21.90;13.00;67.70;2.80;25;29.43431862
0;24.30;8.60;61.70;2.70;27;18.30989792
0;24.50;11.80;64.10;3.80;26;25.26247367
0;24.90;11.00;55.40;3.40;25;30.22194196
0;24.20;9.10;52.20;2.90;29;11.34753115
0;26.60;9.50;55.00;1.60;28;15.90809011
0;28.20;9.20;54.60;1.40;25;30.88410351
0;30.40;10.50;48.40;1.50;26.53;21.93122968
0.3;30.90;12.60;46.80;1.90;24;31.98863875
0;32.70;16.20;49.20;1.70;24.66;30.61482209
0;25.70;16.20;68.80;2.50;18;64.7122859
0;24.90;12.30;56.00;1.40;23;40.24258945
11.1;26.70;16.30;75.90;1.70;14;83.98277305
0.2;21.40;16.30;65.00;4.30;9.77;100
1.9;16.70;13.40;84.20;3.80;4;100
0;22.70;11.80;68.10;2.60;15;75.51121027
0;26.60;10.10;60.00;0.90;24;33.18804939
0;28.20;11.80;52.40;1.60;21;44.57521305
0;28.20;10.50;50.00;1.70;22;41.86480627
0.9;22.90;16.80;74.40;2.00;14;78.97182771
0.8;24.30;15.10;74.40;2.00;15;73.06390306
0;24.00;12.30;61.40;2.60;21;47.18969731
2.6;19.40;14.40;83.00;3.70;9;100
0;19.40;11.00;65.30;2.60;17;66.87405218
0;20.50;7.30;67.00;1.40;18.79;55.44446115
4.5;27.50;8.70;62.20;1.70;18;57.0576461
2.8;23.10;15.10;77.00;3.20;15.26;72.63390733
0;25.60;12.60;67.10;1.40;23;34.0690737
0;31.70;14.90;59.40;1.30;23.18;31.53715272
0;36.20;17.50;53.20;2.90;25;23.23228601
7.1;23.40;17.40;80.50;1.80;13;82.53906088
0;25.10;15.70;62.40;1.50;21;42.89732145
0;28.10;10.80;56.40;1.40;26;14.09526034
2.7;29.70;12.20;63.80;2.30;22.34;33.24477902
0;24.50;13.60;73.50;2.00;19;48.89003377
0.9;29.80;14.30;62.90;3.50;20;42.71093484
0;20.70;11.50;61.80;4.00;17;57.97646987
0;24.00;9.00;63.60;1.40;25;16.79825913
0;31.50;10.20;52.60;2.10;24;22.06604602
0;28.30;13.20;58.50;1.90;17;59.81876135
0;29.70;14.40;65.10;2.10;19;44.41030092
0;28.30;16.60;69.80;2.30;16;62.72663011
0;32.90;12.80;64.60;2.80;18;50.21659893
0;24.40;12.70;63.00;2.70;18;53.04609828
0;27.80;8.90;59.00;1.90;22;26.77068655
0;32.00;13.80;50.00;2.20;22.91;21.83890359
0;27.10;14.50;59.20;2.00;22;28.7840008
6.7;34.50;15.10;59.90;2.60;18;45.5497673
0;37.90;17.20;54.40;1.60;20;35.32869707
0.4;34.90;21.20;44.70;3.40;20;34.08189379
1;24.40;15.10;59.00;3.00;18;45.28378749
0;26.10;12.90;56.40;2.80;19;39.50831757
5.8;19.00;14.40;78.10;4.40;8;100
3.5;18.10;12.10;91.80;4.50;6.66;100
0;17.80;11.70;77.40;2.50;9;97.86964774
0;22.10;7.20;64.30;1.20;19;37.23267102
0.8;18.90;12.60;85.00;2.00;5;100
0;21.20;10.00;71.00;2.10;16;49.87357081
0;24.70;12.40;61.40;2.00;16;48.49288656
1.8;27.80;13.30;59.50;2.90;17;42.85113445
1.9;24.20;16.20;75.10;3.20;12;74.48610273
0;23.10;11.80;71.00;1.80;20;20.28676429
8.3;23.20;10.80;86.10;1.70;10;83.25288642
0;21.30;9.30;72.00;2.20;13;64.45461944
2.1;24.00;14.70;83.00;2.90;8;96.88495917
5.1;28.20;13.90;81.50;2.00;13;66.44097752
0.1;23.90;15.80;83.90;2.40;9.94;84.08000093
0;32.80;15.90;65.20;2.50;18;31.10457928
0;31.30;17.20;71.40;2.60;16;39.17291823
1.5;17.80;14.30;91.70;1.50;6;100
13.9;21.30;13.40;81.40;3.20;9;84.81219932
5.8;14.50;10.20;87.20;3.70;6;100
0;17.50;7.30;69.40;4.20;15;47.01743229
1.5;19.60;13.10;74.20;4.40;8;92.40110981
0.2;15.40;8.00;83.80;2.90;10;76.63348016
5.9;13.60;7.50;89.10;3.20;8.7;86.60470165
0;15.60;8.60;70.70;4.00;14;47.76242156
0;18.10;4.80;70.40;2.30;18;19.23428449
1.7;16.10;7.20;81.20;1.50;8;88.05353441
0;16.90;6.70;76.70;1.20;12.34;55.83345754
0;20.70;4.60;66.00;1.70;17;18.08714723
0;22.10;7.50;74.30;2.10;12;57.64237801
0;17.80;8.90;85.00;1.60;8;86.54830896
0.1;19.30;6.30;77.20;1.30;13;42.29095392
0.1;17.40;11.00;86.00;2.30;6;100
0;17.10;8.80;79.60;2.60;8;84.99431838
0;17.10;12.30;74.30;3.80;6;100
0;17.50;5.80;67.10;1.70;15;21.15745031
0;19.30;2.10;70.90;1.40;16;13.25107639
0;19.10;4.30;68.10;2.50;15;19.17840577
0.8;19.00;5.90;78.00;2.10;8;79.24190609
0.1;21.20;6.50;75.30;2.00;13;31.05429172
0;22.20;9.70;65.60;4.60;13;29.17337015
0;23.40;10.60;69.70;2.50;12.53;35.22134144
0.5;16.60;13.50;91.30;0.70;3;100
0;17.80;11.10;89.20;0.30;6;97.5352975
0;22.90;6.70;74.90;0.60;13;29.41382964
0;23.40;5.60;76.50;0.10;13;26.05397928
0;23.70;6.80;74.20;2.50;12;28.3656151
0;16.50;8.00;72.60;4.00;13;22.38146141
0;14.40;7.30;81.10;1.10;7;82.02400083
0;15.60;1.90;81.80;0.30;9.89;47.96240312
0;15.30;1.50;78.20;1.40;11;35.87037543
0;16.90;4.20;69.00;4.20;11;34.66724121
0;15.50;5.60;66.50;6.70;10.67;34.59433896
0.9;10.10;4.90;82.40;6.10;4;100
6.2;12.00;9.60;97.60;4.60;1;100
0;12.00;4.10;94.20;3.00;2;100
0;10.80;1.10;86.60;2.30;5;95.93568713
0.7;11.20;4.90;87.50;2.70;3;100
0;11.40;-0.70;84.40;1.10;10;32.01177772
0.2;8.50;-1.00;95.20;1.80;3;100
0;8.10;-2.70;74.30;2.20;11;18.44185413
0;9.00;-5.50;78.30;0.60;11;12.00070132
0;10.40;-2.00;62.10;2.90;9;33.54360258
4.9;7.20;3.30;92.00;4.40;2;100
0;7.90;1.50;80.80;3.60;5;79.91211154
0;7.20;-1.30;84.30;1.50;6;64.80194008
0;9.10;-2.80;81.60;1.20;8;34.79264324
0;12.10;-2.00;78.10;2.70;9;25.61294415
0;11.40;-1.70;80.40;1.30;9;21.14203857
0.1;11.30;-1.40;83.70;1.70;7;51.38278506
0.6;6.80;0.20;87.60;3.00;3;100
0.5;5.70;-1.50;90.60;2.10;6;60.45292899
4;6.10;2.70;95.70;2.80;3;100
3.3;7.20;3.00;85.40;2.90;5;79.97203802
4.5;4.20;-0.60;96.90;3.00;0.563;100
0;1.80;-2.50;98.90;1.60;2;100
4.9;7.50;0.60;97.10;2.50;1;100
2;7.70;2.00;93.50;3.30;3;100
0.1;6.30;-2.90;87.00;2.00;3.4;92.08010492
0;0.00;-4.50;98.60;0.80;4;88.54296123
0;4.50;-1.80;95.00;1.10;4;80.40633978
0;7.30;-1.70;80.40;4.30;7;24.68849849
3.3;10.10;4.60;86.10;4.20;3;90.91633506
2.9;7.50;2.50;93.10;3.30;3;94.90542814
0.8;10.90;5.70;95.00;3.10;1;100
0;11.20;10.40;87.00;4.30;1;100
1.6;12.10;7.00;87.80;5.10;0.745;100
0.1;6.40;-4.30;86.70;2.90;5;40.12702286
0;4.60;-5.20;80.80;2.50;6;20.98112197
0.5;7.80;-0.50;89.70;3.70;2;100
4.5;9.70;3.00;86.30;5.60;4;68.68750913
2.6;7.70;3.00;77.70;6.10;3;79.72742472
5.5;4.50;0.50;95.10;3.00;1;100
3.6;2.80;-0.50;96.60;2.90;1.79;100
0;2.20;-1.10;98.30;2.30;2;100
0.2;6.00;0.60;96.60;2.60;1;100
0.3;8.20;1.60;87.00;2.90;2;98.67952266
3.6;4.90;1.90;90.70;4.10;0.751;100
7.9;5.40;2.10;91.90;5.00;1.63;100
0.1;5.80;2.10;76.90;5.80;2;100
1.1;5.20;-0.50;87.40;4.20;3;85.73046227
0;3.70;-2.60;96.90;0.50;2;100
0.5;3.00;-2.20;97.80;1.90;0.638;100
1.9;7.60;2.40;96.50;1.30;2;94.02178307
1.5;8.50;4.90;93.40;3.70;1;100
7.5;10.50;4.10;80.00;6.20;1;100
1.4;6.30;0.80;86.60;3.80;2;85.75225429
4.3;6.70;1.10;92.80;3.80;0.506;100
0;3.40;0.50;97.90;1.90;1;100
0;4.90;0.00;89.30;3.60;3;58.08448343
0.1;8.40;1.90;88.40;3.70;1;100
5.6;6.60;1.90;88.60;4.90;3;62.6422912
0;9.60;2.20;82.90;4.00;2;95.41907011
3.4;7.10;2.30;81.60;4.70;3;54.8648126
0;4.50;-1.00;90.60;2.20;2;89.44900869
0;3.10;-1.30;94.00;0.50;2;78.83174104
0;1.60;-0.40;89.40;4.20;2;81.05611953
0;2.70;0.40;96.70;2.40;0.87;100
0;3.10;1.30;95.30;2.70;0.41;100
0;3.30;2.20;96.20;2.40;0.385;100
2.4;2.70;0.60;93.50;2.90;0.503;100
8.8;4.50;0.60;91.40;4.50;1;100
0;4.30;1.80;84.60;3.90;1.66;97.90290831
4.5;8.20;2.40;93.60;3.80;0.706;100
0;7.00;0.80;90.60;2.50;3;64.11835979
0;3.90;-1.40;95.90;0.90;3;49.25495985
0;2.50;-2.80;96.60;0.70;3;55.82469944
0;1.70;-2.90;95.90;2.10;3;56.40662692
2.4;3.30;-1.70;87.30;3.00;0.841;100
10.8;2.00;-0.10;98.70;2.10;0.393;100
0;0.60;-1.70;97.20;3.90;1;100
0;-2.20;-3.70;91.30;4.00;1;100
0;-2.40;-7.60;87.70;3.70;3.2;48.66092754
0;-5.00;-10.00;91.10;1.40;3;47.55329197
0;-6.30;-11.90;91.40;0.40;2;73.08322988
0;-5.30;-13.00;91.60;0.10;3;67.06699214
0;0.40;-7.00;95.20;1.10;3;57.50927779
0;-2.90;-9.80;96.00;0.90;3;47.17858069
0;-3.20;-5.60;96.90;2.50;0.643;100
0;-0.90;-3.30;97.00;0.40;0.602;100
0;-0.90;-3.30;97.00;0.40;0.602;100
0;-3.20;-10.00;95.20;1.70;4;34.18266562
0;-8.30;-14.10;86.00;2.80;4;30.71320113
0;-11.00;-15.70;86.70;3.40;3;53.08044525
0;-9.70;-16.30;84.40;2.40;3;50.74715161
0;-0.20;-12.00;69.60;3.30;3.5;47.19829801
1.6;5.10;-0.10;88.20;4.40;0.467;100
8.2;5.30;0.00;95.60;1.80;1;100
0.5;7.10;-0.50;88.00;3.80;1.51;100
3.7;6.00;-1.60;89.80;3.70;3;69.40552316
0.6;9.30;6.40;89.50;4.90;1;100
1.8;11.10;8.20;83.00;6.70;1;100
10.2;7.40;2.20;92.50;4.10;0.614;100
2.2;8.70;1.10;78.20;5.30;3;59.44898086
0.8;12.80;4.30;64.60;7.20;2;90.31308201
0;8.70;-0.70;68.90;4.20;3;66.2677906
0;11.90;8.80;72.30;5.80;3;78.33675209
0;13.10;7.10;72.20;4.70;5;35.71296613
0;9.30;2.20;72.70;3.80;2.55;86.65559577
0.6;5.80;-0.50;85.50;4.50;2;92.9915481
2.6;9.00;4.10;90.50;4.90;0.895;100
0.6;9.40;6.50;74.40;6.00;3;69.73085864
1;12.80;4.10;76.60;7.60;1;100
0.9;6.00;3.00;69.50;7.00;3;79.51595708
3.4;10.20;2.90;72.20;8.70;2;100
1.9;4.90;-0.60;84.40;6.30;2;100
3.5;2.10;-1.10;87.50;6.80;0.785;100
3.2;1.00;-4.90;88.60;2.40;7;900
0;-0.20;-8.20;93.60;1.60;3;80.72666315
0;-2.70;-7.80;97.50;1.70;3;85.49883435
0;-2.10;-8.50;93.70;1.20;6;28.31739303
0;0.00;-10.50;84.10;1.00;8;900
0;-0.60;-10.60;93.60;0.50;2;100
0;0.10;-6.30;92.10;1.50;5;53.11979142
0;-0.40;-4.00;98.00;2.40;2;100
0;4.00;-5.00;93.70;2.20;5.65;45.38604825
0;1.70;-0.80;95.30;4.70;2;100
2.7;2.60;0.30;97.60;3.40;0.863;100
0;3.00;-2.20;92.20;1.00;5;60.03952486
0.1;3.70;-0.70;93.90;1.00;3;100
0;3.60;1.40;96.40;0.30;1;100
0;1.20;-1.00;97.70;1.90;1;100
0;0.10;-1.50;96.10;3.70;2;100
0;7.10;-1.50;87.40;2.00;7;44.24402018
0;-0.50;-1.60;95.80;0.60;0.799;100
0;2.20;-1.00;93.20;1.50;3;100
0;2.60;-2.60;74.90;2.90;4;86.30022668
0.5;-0.10;-2.40;94.20;2.90;3;100
4.9;5.80;-0.20;94.30;4.30;2;100
0;3.00;-0.20;90.30;3.10;5;71.82223365
6.4;3.90;1.70;88.80;5.30;3;100
3.3;4.20;-0.50;70.90;5.40;8;39.42175659
9.9;1.00;-4.80;88.90;4.90;4;93.81181536
0.1;-2.70;-9.90;71.30;2.60;11;6.534858787
0.1;-0.60;-8.00;88.60;3.20;8;40.2670409
0.4;-0.40;-1.30;90.70;6.40;3;100
0.5;-0.30;-1.50;98.20;2.70;2;100
0.2;1.40;-6.90;86.70;1.30;7;65.73825195
0.1;3.30;-9.40;88.80;2.00;7;70.04508531
0;1.20;-6.50;91.70;0.70;5;84.72321882
0;3.30;-1.80;83.80;6.50;10;33.71386629
0;1.10;-4.80;78.50;7.20;10;39.01813826
0;-2.10;-6.30;80.50;4.40;8;60.84968834
0.3;-3.00;-10.40;87.80;1.10;8;61.37972289
0.1;0.10;-11.70;91.30;2.70;7;75.38810682
0.2;4.60;-0.50;87.60;2.40;8;62.51882935
0;4.40;-1.10;75.10;3.10;9;53.13733859
0;3.30;-2.60;81.90;2.10;9;58.15228719
0;3.50;-4.30;76.60;1.60;13;17.21399828
0;8.20;-4.30;72.80;2.00;11.68;30.88855402
0;4.80;-2.30;86.40;1.30;9;59.88895504
0;8.40;-3.00;84.40;0.30;8.32;67.72532896
0;11.90;1.10;84.20;0.70;8;69.77069707
0;14.50;0.80;77.00;0.80;11;46.10271099
0;14.80;-0.10;71.60;0.80;11;42.04381661
1.6;16.10;6.40;74.60;4.20;9;66.38400349
0.7;9.60;7.30;88.50;5.30;2;100
1.3;11.00;6.30;77.20;5.20;3;100
0;8.80;2.90;64.30;5.90;10;63.84908919
0;10.20;2.50;67.60;3.70;12;46.53709745
0;16.30;-1.20;66.60;1.60;14;32.34079297
2.8;15.70;5.70;76.10;1.80;9;75.73724029
1.7;9.60;3.20;71.40;4.00;9;76.32543488
0;8.60;1.80;62.20;3.30;16;19.61136792
1.5;4.40;-0.90;86.30;2.70;8;85.17467466
0;4.30;-2.20;87.60;2.40;11;60.92939776
2.7;3.30;-3.20;90.00;1.40;10;69.37380701
0;3.90;-2.20;79.40;4.50;11;63.17898603
0.2;1.70;-0.60;90.80;4.80;5;100
0.1;2.60;-0.70;85.00;2.80;5;100
0;7.50;-0.80;68.30;2.10;15;35.24746841
0;11.90;1.70;67.90;4.50;13;54.08135261
0;10.80;-0.50;74.00;4.50;17;19.60576108
0;6.10;4.00;92.00;2.30;3;100
0;9.80;1.60;85.40;0.90;8;95.24800395
0.1;10.70;1.10;83.70;1.20;10;78.12817729
8.4;9.60;3.50;89.80;2.10;7;100
3.5;9.40;4.90;90.10;2.20;7.7;95.74805096
0.1;6.50;2.60;93.10;4.50;2;100
0;3.20;-1.90;70.70;4.00;10;80.66287752
0;6.40;-3.80;70.90;2.40;20;14.61075278
0;7.70;-3.10;69.20;4.00;21;8.409118465
0;9.80;-2.60;67.20;3.10;20;17.5732507
0;11.40;-1.00;66.00;3.00;18;33.76620509
0;14.50;1.30;59.10;2.90;16;46.4751226
0;14.70;2.30;55.20;3.50;19;26.09025421
0;13.70;0.40;64.30;1.40;19;26.88443791
0;16.70;0.30;62.30;2.40;17;42.86102823
7;13.10;7.70;88.00;3.30;7;100
0.1;10.70;4.20;62.60;4.60;18;34.68618362
0;12.20;0.80;61.40;1.50;18;39.37379862
0;22.30;5.70;52.50;3.60;19;30.537109
0;22.90;8.50;66.50;1.30;18;41.99557597
0;20.30;9.50;65.80;2.10;18;39.86154466
0;26.30;9.20;58.90;3.80;20.33;27.96182687
0;26.80;12.40;47.00;4.20;20;30.14655183
0;27.50;14.30;45.00;3.50;21;24.29732805
0;27.10;8.50;49.60;1.60;20;33.87126466
0;27.30;9.00;53.20;2.50;21;29.59605546
0;26.50;11.30;55.90;3.00;22;24.30352747
0;26.50;9.90;56.80;3.10;22;24.05359234
0;25.90;8.60;53.60;1.70;22;26.12392344
1.1;25.10;9.90;69.00;1.60;18;48.10165512
0;14.40;8.20;91.10;2.20;5;100
0;13.50;5.10;58.20;2.90;22;25.19962662
0.1;13.70;5.10;62.30;2.80;21;34.04876925
0.6;11.50;5.70;94.40;3.00;5;100
0.1;25.50;8.30;68.70;2.90;20;40.73223961
0;25.00;8.90;59.30;2.70;22;32.01404364
0;25.90;11.70;58.60;3.70;21;35.50233313
0;24.30;9.90;55.30;2.00;20;43.05389054
0;26.30;11.70;53.50;2.30;21;39.99973365
0;26.80;10.10;51.10;2.20;22.94;27.91964194
0;26.30;10.00;57.50;1.80;12.42;84.25301212
1.7;25.00;13.50;57.80;2.40;16;67.19027998
0;20.90;11.70;73.60;2.20;20.58;42.15759592
0.1;16.70;6.40;66.90;2.70;20;45.77842181
0;21.80;4.10;52.20;2.60;26;14.37592035
0;24.50;6.30;48.10;2.90;26;13.38394603
0;27.70;10.80;55.40;2.30;24;25.93262928
0;30.10;11.90;55.20;2.30;24;29.32800242
5.5;28.10;14.50;79.90;1.90;13;85.88030671
5.4;15.40;11.50;98.40;2.40;3;100
0;18.50;11.00;87.60;1.70;11;92.43702147
0;22.40;11.30;79.20;0.50;19;53.27094527
0;24.20;9.80;66.40;2.10;24;31.09620852
0;16.40;10.80;78.70;1.70;8;100
17.1;12.90;8.50;94.60;1.90;5;100
2.7;19.00;9.20;89.20;1.30;10;100
0.9;15.00;8.50;81.70;2.30;11;94.61609345
4.6;23.70;7.40;68.80;1.20;23;34.5773493
3.3;19.70;10.70;78.20;2.70;21;46.06395965
0;19.50;9.70;66.90;2.20;21;45.73420252
0;23.00;8.00;70.90;1.20;23;39.21828502
1.8;19.10;11.90;82.30;2.80;8;100
0;21.70;9.90;57.40;3.10;27;17.47361096
0;24.40;7.00;61.60;0.70;29;10.00226498
0;24.90;9.60;64.20;0.80;21.94;43.33315474
0;21.60;11.60;65.50;2.40;26;22.66665581
0;22.90;9.80;62.50;1.20;23;36.71453048
0;26.30;10.80;52.30;1.90;28;14.55969237
0;30.40;12.60;57.40;2.20;26;24.32689046
0;24.20;17.90;79.50;1.40;13;87.81665598
36.1;19.10;11.60;96.00;2.70;3;100
33;12.60;11.20;97.80;3.70;2;100
0;16.70;10.20;77.80;2.40;15.37;76.08748147
0.1;15.50;9.20;64.90;2.70;18;65.89433814
0.1;16.80;6.20;78.10;1.80;12;93.60306233
2.4;16.40;12.40;82.40;2.90;15;79.289154
0;18.10;8.40;76.20;1.70;13;86.88609101
5.8;17.10;14.00;94.70;1.00;5;100
1;17.90;12.30;72.70;2.40;18;61.84456596
0;18.50;8.40;67.50;1.70;25;31.44910573
0;17.90;10.50;72.30;0.90;17;68.3745382
7;17.80;11.60;84.70;0.90;11.01;97.16283278
4.9;14.40;9.80;79.10;3.50;17;69.44669755
1.7;13.70;8.80;75.20;3.60;16;74.60311655
0;14.90;8.20;74.00;3.30;16;73.9152623
1;17.20;9.10;80.70;2.00;12;90.44073454
2.3;17.10;8.60;77.60;2.50;16;72.30827532
0.1;21.40;6.70;73.10;1.30;20;51.20120817
0;20.60;8.50;67.40;2.90;26;26.18892495
0;20.70;5.90;71.20;1.00;26;23.92560059
0;26.40;8.50;61.30;0.80;27;17.68384844
0;23.60;10.90;60.10;2.10;21;49.810697
0;23.40;16.60;69.20;2.70;14;82.09750001
4.4;24.10;11.90;82.10;2.00;13;84.98539386
4.4;15.90;10.60;76.50;3.50;13;85.16950162
4.3;15.40;11.10;72.30;4.90;16;72.79445987
0;18.70;10.40;68.70;2.80;19;57.64957742
0;26.10;9.90;58.90;2.50;26;20.21330906
1.2;26.50;13.70;75.40;2.60;14;78.75013581
26.3;13.50;9.60;96.60;2.30;3;100
0.9;17.20;9.20;76.00;2.00;18;61.03407027
0.5;15.60;9.70;76.60;2.70;18;58.89133347
0;19.70;7.90;65.80;1.30;21;43.92192471
11.9;16.60;12.70;91.60;1.30;6;100
3.7;21.20;12.70;76.30;0.70;21;42.59367338
8.8;22.90;13.00;85.50;1.50;17;64.80943496
0;22.50;12.60;73.00;1.70;22;41.29451782
0;23.00;12.30;75.40;0.70;16;68.24847678
3.4;20.70;13.80;76.90;1.50;16.65;65.25442671
0.8;16.60;11.10;83.70;2.20;10;100
2.3;18.10;9.30;78.70;1.90;18;55.08715831
1.1;17.60;12.00;76.10;2.70;13;81.07520799
3.3;22.20;13.80;84.80;2.80;14;78.51364774
1;22.40;12.30;75.10;2.60;13;80.02424745
1.1;19.30;9.70;77.20;3.10;19;51.5106473
2.9;16.30;9.30;90.50;2.50;10;98.23182334
5.2;18.10;12.70;92.80;2.30;10;98.52489602
0.1;21.60;11.60;83.70;1.30;15;72.87511335
0;27.70;16.00;71.50;1.20;18;51.57622447
8.2;20.80;12.40;86.30;2.10;9;100
0;20.30;10.80;74.80;1.40;19;45.68294253
0;25.70;9.90;65.10;1.90;21;34.83638646
0;27.20;12.30;65.20;1.40;21;36.04536854
0;26.30;15.30;75.50;0.90;17;55.12397931
0.4;22.50;14.00;87.20;1.20;9;99.75563154
1.5;17.70;14.00;81.40;3.60;10.36;92.41776702
0.1;19.30;13.20;74.50;3.10;13;76.9912497
8;20.00;13.70;87.00;0.80;9;98.4130926
1.5;21.30;12.20;82.10;1.30;17.49;50.84484532
6.2;18.30;11.20;89.70;2.10;7.52;100
0.6;17.30;8.90;70.10;2.20;16;60.53771232
0.1;24.80;12.60;64.30;2.50;17;50.00861079
0;19.30;9.00;68.70;2.50;19;38.14926346
0;25.70;6.50;62.50;2.40;22;19.1618673
0;31.30;11.50;70.80;0.70;17;46.67219083
0;27.20;16.00;71.50;1.10;18;41.88994491
0.8;20.00;9.60;65.40;2.80;21;26.22423124
0;19.00;6.80;68.50;1.80;18;42.52671399
0;18.80;8.40;76.70;1.00;12;76.15408334
0;22.50;7.40;63.00;1.00;17.75;40.5508891
0;19.90;12.80;75.60;2.50;12;75.98649667
5.1;19.50;10.20;82.20;1.40;11;78.08708113
0.1;15.70;9.30;73.90;2.50;13;69.73146993
0;17.60;7.10;72.40;1.90;15;53.26745935
0.1;16.60;7.60;80.10;2.00;13;67.48402939
2.3;17.10;8.60;83.80;1.30;13;63.56119152
0.6;16.00;6.00;87.80;0.70;8;98.36837952
0;16.90;6.20;74.60;2.60;19;26.95375626
0;17.70;3.50;69.70;1.20;13;61.95189003
8.2;13.90;9.50;89.00;2.50;3.5;100
5.1;13.60;8.60;92.50;2.90;6;100
3;15.90;9.90;92.80;2.30;7;100
5.2;12.90;5.30;95.70;1.40;6;100
6.7;14.50;11.10;92.60;1.70;7;98.58980478
4.4;14.80;7.90;83.80;2.60;10;77.97465841
3.8;13.70;5.00;89.80;1.30;9;83.09745898
0;13.60;5.00;82.80;2.10;9;82.79369693
0;16.70;6.60;78.00;1.10;14;44.4903474
3.5;19.80;5.60;84.20;2.30;10;73.80821011
8.4;21.90;11.80;84.10;0.80;12;57.6610026
4.9;17.70;12.70;94.70;1.00;4;100
0.4;18.40;10.70;87.30;1.30;10;72.74128101
0.6;13.90;8.20;95.20;1.80;4;100
0.5;11.10;8.10;89.30;5.00;6;100
7.8;15.50;10.00;91.50;2.00;5;100
0;16.90;11.00;77.40;2.80;8;88.06049328
12.1;13.60;10.30;94.60;2.30;3;100
0.4;10.30;6.70;93.10;1.20;3;100
0.3;11.80;5.60;89.20;1.60;7;89.77167612
0;14.10;1.80;74.00;2.00;15;18.71419375
0;18.20;2.90;71.60;3.20;14;29.66354382
0.4;22.90;8.50;80.00;2.00;11;49.19057905
0.4;22.90;12.40;89.00;1.60;10;64.69397275
0;19.20;12.90;86.50;2.10;9;66.65509491
0;17.50;11.70;89.30;3.80;4.39;100
1.2;22.80;11.50;83.50;2.60;10.31;54.19701308
9.3;13.90;9.60;88.60;1.50;4;100
0;12.20;8.90;85.60;1.10;4.23;100
0;14.80;8.40;86.80;0.50;6;89.35713258
0;13.80;3.50;76.10;3.20;13;24.48261821
0;10.90;1.40;69.30;3.40;12;28.52476072
0;12.30;2.30;72.00;4.70;8;65.7995694
0;18.10;7.60;75.80;4.20;9;55.35987097
2.7;15.50;11.00;74.60;4.40;4;100
0;17.20;10.10;75.30;2.40;10;45.64269573
0;20.00;8.50;77.30;1.80;9;51.12103531
0;17.00;10.10;86.10;1.70;6;83.44019167
1.8;18.00;6.50;89.80;0.70;7;66.47071317
0;17.00;3.90;91.60;2.90;8;61.06534102
8.2;14.30;8.10;94.80;1.50;2;100
0.2;16.20;7.10;80.40;1.20;10;33.30136346
2.9;16.00;7.10;93.20;1.40;4;100
0.1;19.30;8.40;81.80;2.50;5;89.70486445
0;17.50;11.20;76.80;3.00;7;67.51228951
0.3;14.80;10.20;86.40;2.00;3;100
3.4;9.60;2.70;92.30;1.20;2;100
0;8.80;0.90;83.70;1.40;7;55.34668663
0;9.30;0.30;81.60;1.30;9;33.02810311
0;7.80;-3.30;81.00;1.10;10;10.58376888
0;8.60;-4.00;76.70;1.60;10;14.92221772
0;7.50;-1.70;86.50;0.80;4;100
0.6;7.20;4.70;91.80;0.70;3.69;97.59908776
0;7.60;3.00;87.30;2.50;4;86.74676509
2.6;6.00;3.90;90.10;5.30;1;100
0;4.30;3.60;87.80;3.40;1;100
0;7.50;-1.00;91.20;1.00;3;100
0;6.10;-2.10;95.00;1.00;3;100
0;7.00;4.40;96.80;0.20;1;100
0;6.70;5.10;90.30;1.00;1;100
0;5.20;0.00;90.50;2.90;1;100
0;8.40;-2.30;86.20;1.60;7;25.51307331
0;7.10;-4.40;93.90;0.60;6;52.67754101
0;4.10;-3.80;97.40;0.50;3;89.82693099
0;2.00;-1.60;98.20;1.50;3;98.02565904
0;0.30;-1.60;98.10;1.50;2;100
0;2.70;0.30;98.20;1.80;0.991;100
0;4.10;0.60;98.00;3.40;1;100
0;4.60;0.80;96.00;5.30;0.65;100
5.3;5.30;4.60;95.90;2.30;0.6;100
3.9;6.00;4.90;96.90;0.40;0.064;100
3.3;5.80;4.60;95.80;1.50;0.644;100
0;7.30;4.10;93.50;1.60;3;89.84295582
1.5;5.10;1.50;88.20;3.90;2;100
0.1;6.40;0.70;93.10;1.10;4;72.70973596
0;7.00;-1.70;91.30;1.20;5;39.89480924
10.1;4.20;-0.80;94.20;4.20;1.19;100
1.8;4.30;-0.20;96.30;4.40;0.533;100
0;1.30;0.10;91.70;3.10;0.664;100
0;0.60;-1.80;91.10;0.90;0.858;100
0;-1.20;-4.40;88.70;0.80;3;80.48642517
3;-0.60;-2.90;90.70;0.70;0.825;100
0;-1.00;-9.80;86.80;4.20;4;62.78485929
0.5;-5.70;-9.20;82.50;5.50;2;100
7.6;-3.70;-5.80;91.20;2.90;1;100
0;-3.80;-9.50;92.50;1.80;3;81.55758471
0;-4.60;-12.60;92.90;0.90;2;100
0;-0.40;-10.10;93.70;0.10;4;36.89475944
0;-2.80;-10.50;96.30;0.40;0.773;100
0;-3.20;-6.30;90.30;1.90;0.934;100
0.3;-2.80;-5.80;90.20;2.30;1;100
0;-4.90;-6.90;90.90;0.90;0.968;100
0;-6.40;-11.10;94.00;2.40;2;100
0;-5.00;-7.70;92.60;3.60;2;100
0.7;3.20;-5.00;91.20;3.10;1.48;100
0.1;7.60;3.40;91.50;3.90;0.485;100
0;9.00;4.50;77.40;3.90;3;66.83044835
0;9.10;3.20;78.90;3.70;2;81.1750394
0;6.90;4.60;86.80;2.60;0.76;100
2.1;4.70;1.10;84.40;3.00;3;73.85116305
5.1;3.20;0.80;88.10;3.60;0.908;100
21.7;8.10;3.10;86.80;5.70;0.653;100
3.3;5.50;1.90;86.50;3.70;2;93.48080605
0.8;5.60;2.00;81.00;4.20;1;100
1.2;4.00;1.90;89.00;3.90;0.796;100
6.9;6.60;-0.10;97.00;2.80;0.24;100
3.4;5.80;-0.20;96.30;2.60;0.442;100
0;3.20;-0.50;91.00;2.60;1;100
1.2;6.00;2.40;73.80;4.70;2;79.66998547
2.4;5.30;2.80;75.40;5.20;1;100
0.4;6.20;-0.50;92.70;2.40;2;94.68868052
8.4;12.10;5.60;81.70;5.60;0.758;100
2;7.70;1.70;75.90;3.90;0.703;100
0.8;1.70;-1.10;97.10;1.60;0.857;100
7.1;1.30;-0.70;95.50;3.20;0.931;100
4.8;3.70;0.00;86.10;3.80;1;100
2.6;1.80;-0.10;97.10;2.00;0.468;100
13.2;0.50;-0.40;99.00;0.10;0.17;100
4;0.40;-0.50;97.50;1.60;0.103;100
0;-0.10;-3.40;96.20;0.60;2;93.83373013
0;-1.00;-5.40;96.40;1.00;2;78.06623763
0;-1.40;-6.30;92.80;1.70;3.06;55.05928091
4;5.20;-2.90;93.30;3.40;2;75.76810635
9.6;8.30;4.10;89.60;3.50;1;100
1.9;4.90;2.00;88.50;2.80;0;100
0.9;2.10;-1.40;93.60;2.50;2;100
0.7;0.80;-0.30;95.80;2.00;2;88.8679684
1.5;6.80;0.50;90.20;2.70;0.76;100
4.5;5.80;3.40;85.50;3.10;4;44.52545376
0.7;6.60;2.90;87.70;2.30;2;96.32479604
0;4.80;0.20;92.20;0.50;2;100
0;5.30;-1.90;95.00;0.50;1;100
0.3;0.80;-2.70;99.00;1.00;2;94.68620518
0;1.80;1.00;99.00;3.20;0.673;100
0.8;2.00;1.00;99.00;2.60;0.545;100
0.5;6.30;2.10;92.40;2.50;0.217;100
9.1;9.70;6.00;81.70;4.30;1;100
0;7.80;4.50;73.50;4.40;2;100
2.2;5.80;1.60;85.80;3.20;2;92.45521445
0.8;2.20;-2.70;93.70;1.20;2;100
0;-1.30;-5.80;74.40;2.00;2;100
0.5;0.70;-4.80;84.50;3.80;4;46.73620063
0;2.10;0.80;75.30;2.80;0.985;100
0.2;1.20;-0.20;95.60;1.90;2;100
0;3.00;-1.00;84.90;3.00;1;100
0;5.10;1.80;93.60;3.80;1;100
13.1;7.00;2.50;86.60;4.60;0.844;100
0.2;3.80;1.30;74.10;5.10;0.388;100
8.5;7.80;0.90;85.90;3.80;3;84.26407163
5.1;5.40;2.30;83.40;4.10;0.929;100
14.8;7.50;2.80;85.70;4.80;2;99.88010307
6.1;6.50;1.30;80.70;6.50;0.602;100
2.5;2.30;-0.20;93.20;3.50;1;100
5.5;5.40;-0.10;93.10;3.70;2;100
0.9;4.60;1.80;79.50;4.70;0.683;100
0.4;5.10;0.70;86.40;1.70;3;98.79143612
0.1;6.10;0.30;72.40;3.70;2;100
0;2.40;-1.10;83.30;1.10;5;61.04301023
0;2.10;-1.80;86.00;4.50;2;100
0;1.80;-1.30;81.00;5.50;4;83.26854119
0;1.60;-0.50;92.70;1.20;5;69.14094259
0;2.00;0.10;95.00;0.20;1;100
0;1.30;-0.20;96.40;0.50;1;100
0.1;4.10;-0.40;91.90;1.70;1;100
0;5.40;0.20;91.70;1.00;3;100
0.3;2.60;0.10;92.80;2.00;4;77.36954475
3.4;-0.30;-8.40;92.70;4.20;2;100
0;-8.70;-13.90;62.50;7.40;1;100
0;-3.70;-12.50;51.20;6.10;8.2;23.75449688
0;-2.20;-10.40;69.90;4.80;8.71;18.33767784
0;0.00;-9.80;62.20;2.60;8;24.01603998
0;-2.10;-9.10;71.40;1.60;8;29.94673318
0;-2.60;-10.50;77.40;0.90;7;47.73340524
0.5;-3.50;-8.90;91.20;1.40;6;59.51506231
0;-1.40;-9.60;82.30;4.00;3;100
1.5;0.20;-3.60;90.10;3.40;6;69.61685485
0.2;-0.90;-4.20;82.00;1.00;5;83.63671356
0.5;-2.60;-9.70;89.10;1.70;4;91.93303035
0;-2.10;-14.70;88.20;0.60;8;49.45712502
0.3;0.20;-10.60;88.50;0.30;7;64.54349632
0;1.90;-11.30;92.60;2.00;6.11;74.09858755
0;8.50;-0.80;87.70;0.40;6;74.5507914
0;8.80;0.10;87.90;2.20;7;66.00926113
3.4;0.00;-0.90;95.20;3.40;5;90.08071645
1.2;2.10;-0.90;99.00;0.40;0.961;100
0.9;5.30;2.10;89.00;2.70;2;100
0;5.90;-2.60;84.20;2.90;4;100
0;9.90;-2.70;73.40;2.30;6;84.11270652
4.3;7.40;1.90;69.30;3.30;10;38.10320515
3.9;7.20;4.10;85.30;4.10;7.57;69.05835668
0;10.80;2.60;92.10;1.90;1;100
0;13.50;9.80;82.30;2.50;4;100
0.2;10.10;3.50;68.40;3.60;4;100
0;11.10;-1.60;70.40;2.00;7;79.06792717
1.7;8.40;2.60;88.60;1.50;13;21.89082172
10.3;7.20;2.00;89.50;4.90;5;100
8.7;8.50;4.40;79.20;6.30;2;100
2.1;7.40;3.30;78.50;3.20;4;100
6.2;5.60;0.70;87.80;3.40;5;100
3;5.00;0.00;83.80;4.80;8;78.89041153
1;3.80;0.20;88.50;3.30;6.68;89.53277366
15.4;7.80;0.00;76.00;4.90;6;92.95279997
0.5;4.40;0.00;73.60;3.50;6.79;90.242165
0.8;3.40;-1.00;90.70;0.70;11;56.85348944
0;7.50;-2.60;76.00;2.20;5;100
0.8;12.20;3.70;87.10;4.90;12;50.74504465
4;12.60;5.50;58.30;6.40;4;100
13.5;9.60;4.50;77.50;4.10;11;60.45893951
4.6;7.20;2.30;84.20;4.30;4;100
0.1;7.90;-0.70;75.50;2.70;9;80.88839807
0;10.70;-1.70;64.90;2.60;12;53.41607584
1.1;13.70;3.80;78.20;2.90;14;38.7667342
0;15.30;2.30;72.20;1.50;5;100
0.4;20.50;3.50;79.30;2.90;13;47.06157581
5.3;16.00;4.30;76.20;4.10;10;78.09306527
0;9.30;2.80;73.70;2.20;6;100
0;8.80;0.30;73.70;2.30;10.97;69.17986328
2;10.20;-0.20;76.20;4.20;12;63.8768656
0.2;8.90;1.50;72.50;4.10;12;66.42442822
0;10.50;-0.50;66.00;1.70;13;57.50104121
0;8.80;-0.80;71.50;1.80;15;46.266046
0.2;10.90;-2.10;70.80;1.20;12;65.9084692
1.3;10.40;1.50;81.80;3.10;10.52;77.44190506
2.4;10.90;2.40;92.80;1.70;10.34;79.42148645
9.4;12.20;2.70;88.20;3.00;4;100
13;14.10;7.30;88.00;5.20;8;96.87278804
10.3;10.80;5.60;75.10;2.80;6;100
3.6;6.10;4.30;91.80;2.60;12;69.61983545
0;10.00;0.10;69.20;1.10;3;100
0;11.40;4.30;77.50;3.60;16.06;46.6529413
0;10.70;3.40;81.20;4.00;15;51.30896548
0;7.70;-1.40;69.30;3.60;6;100
0;10.70;-3.10;61.30;0.70;13;67.42366024
0;15.30;-0.60;56.90;1.80;20;28.16965243
0;17.50;1.50;62.50;0.90;21;23.35530425
0;18.70;4.70;62.10;0.70;19;31.82305916
0;20.90;4.00;60.90;2.30;17;45.53217122
0;20.30;6.00;53.30;2.90;19;36.65397023
0;18.90;4.80;64.20;2.40;20;31.33758281
0;17.30;4.00;68.80;2.20;22.08;19.53487842
0;18.80;4.60;74.50;0.90;16;56.77451335
0;19.80;6.40;78.50;1.10;13.19;73.23804783
0;19.80;8.30;77.30;1.30;14;68.99457957
0.6;23.00;7.80;67.10;2.40;14;67.54608332
0;8.50;6.60;77.10;3.60;17;53.03939114
0;13.90;1.30;64.40;1.70;8;100
0;16.30;0.70;53.30;3.10;24;17.60840612
0.9;17.80;2.80;44.00;2.90;25;11.07433617
7.4;13.70;7.20;89.10;1.30;21;32.8843219
0.1;15.70;4.10;73.80;0.60;8;100
0;19.00;4.00;55.50;2.00;18;51.30689231
0;20.20;7.50;41.50;3.30;24;17.76863428
0;21.30;4.40;55.00;1.20;25.95;9.570164704
0;18.60;7.70;57.80;2.30;24;21.0523489
0;20.90;7.30;56.60;2.50;18;51.24696392
2.3;17.10;7.40;67.10;3.40;23;28.27619748
3.5;19.30;10.00;80.40;1.70;17;57.71600325
0;23.70;8.90;64.90;2.80;18;55.85160488
0;20.40;11.00;64.20;2.50;21.82;35.65980286
0;22.20;11.20;70.50;1.80;15;72.58213
2.3;22.70;12.50;74.40;1.60;18;55.30033457
0;20.40;8.20;67.50;2.00;16;66.81005555
33.1;14.90;7.40;96.20;5.10;14;76.4627835
14.1;8.50;7.00;95.80;3.90;3;100
0.8;15.70;6.40;70.50;1.60;3;100
3.1;18.60;9.20;81.90;1.90;20;50.6812104
12.5;14.00;8.60;95.00;0.60;16.91;64.43477787
0.1;19.60;8.90;78.10;0.80;6;100
0.1;16.80;10.70;90.00;1.00;20;49.68120465
1.6;16.60;11.90;78.70;1.80;6;100
1.7;12.70;5.50;81.60;2.20;14;79.46656284
0.7;13.40;3.30;77.40;1.20;9;100
2.1;13.00;3.70;88.20;0.70;15;74.38815157
1.8;12.60;5.40;74.40;2.40;10.03;100
0.3;13.60;5.20;69.70;2.00;18;59.6450539
0;20.10;9.10;68.00;2.30;15;78.5818374
0.4;25.90;9.20;68.50;2.20;26;23.85332362
2;19.60;13.50;70.90;2.60;13.87;82.13984212
4.9;15.10;8.10;76.90;2.00;16;74.30062197
10.7;14.60;7.10;85.10;1.20;14;80.10099517
0;15.60;6.30;67.80;2.30;11;96.50613954
0;17.90;7.60;85.90;1.60;18;60.77105836
0;21.80;11.30;74.50;1.80;9;100
0.1;15.70;5.80;83.40;2.60;23;40.0360718
3.6;16.40;4.80;79.30;0.90;9;100
0;16.90;7.40;76.20;1.30;15;75.9598055
0;19.90;8.10;59.80;2.10;23;39.1148046
0;13.60;9.90;88.10;1.70;27;17.94511001
0;19.90;12.60;69.80;2.30;7;100
0;16.10;10.20;54.10;3.30;21;49.12894625
2.4;12.90;7.80;82.90;2.80;25;30.7519792
0;13.80;5.10;68.60;2.50;10;100
4.8;19.10;4.10;80.70;1.70;18;65.4434835
0;21.50;11.50;70.10;2.90;11;98.84496952
0;20.20;9.70;65.40;2.90;17.18;67.59560603
0;21.80;7.10;66.60;0.70;26;27.37669184
0;22.20;14.90;64.20;3.80;19;58.09819288
0;18.50;9.50;50.90;4.10;16;75.26012332
0;20.30;6.40;61.90;1.70;27;22.65011638
0;28.10;6.40;46.80;2.70;30;5.701077726
0;29.30;12.70;58.20;1.10;30;7.757546988
0;28.20;16.20;70.80;1.20;24;36.87155597
0;28.60;14.70;61.20;1.40;20;54.27235237
6.6;33.40;17.80;72.10;1.70;26;23.14103989
0;21.00;11.90;66.50;2.60;14;82.36443495
0;22.30;9.50;67.60;1.10;26;22.65427024
0;26.40;9.60;56.70;1.40;26;21.86184554
0;29.90;11.20;54.20;1.20;29;10.82313609
0;30.40;13.60;53.40;2.00;28;12.64535791
0.9;21.70;14.10;80.40;1.10;27;20.40882595
0;24.50;12.60;59.40;1.90;11;95.46493396
18.9;22.80;10.40;75.30;1.30;25;29.98829879
19.3;17.80;12.70;94.00;1.90;15;74.71757765
0;22.00;12.00;74.20;2.40;6;100
0;24.60;12.50;70.70;1.60;20;51.27627484
0;27.20;12.00;58.70;0.80;26;19.45080913
0;29.50;13.70;61.00;1.60;27.42;14.24142728
0;31.30;15.00;57.20;1.30;25.67;22.52632748
0;31.90;14.40;55.20;1.40;25;24.44978589
0.6;30.10;16.80;70.30;1.10;25;23.18134699
0;25.90;16.50;66.40;0.90;21.11;44.14316472
0;24.60;14.00;70.10;1.90;21;45.88826273
5.7;23.00;12.80;67.20;1.30;20;51.28978564
0;23.30;12.60;65.70;2.00;22;38.48331754
0;25.50;9.70;60.80;1.30;22;37.67775907
0;28.20;10.10;57.80;0.70;27;10.87514705
0;31.00;12.70;49.70;1.20;26;15.06713347
0;31.90;15.50;43.90;1.60;26;17.41822463
0;32.00;13.90;52.80;1.30;25;18.16937053
0;33.50;14.60;53.20;1.00;24;25.98068326
0;34.20;15.80;50.80;0.90;23;29.11078708
0;30.50;18.60;63.70;0.90;22;35.47662978
0;34.00;18.20;60.00;1.00;18;54.60320404
0;34.30;16.30;55.00;1.00;22;34.78488487
0;36.00;18.60;56.90;1.60;21;35.44074208
0;36.80;19.30;53.40;0.90;20.48;40.16150845
0;37.40;19.40;43.40;1.50;20;41.20111672
0;26.60;20.80;62.20;2.10;22;29.91653353
0;27.70;15.00;54.80;1.40;17;58.06695784
0;29.00;12.70;59.10;0.90;22;29.39591237
0;34.50;13.40;52.50;1.20;23;23.36452895
0.3;28.60;19.50;64.30;2.10;23;20.61227785
0;26.20;14.70;57.90;1.20;18;49.1773269
0.5;25.90;15.70;60.20;0.60;19;40.45173054
0;26.80;15.90;57.80;1.10;21;32.5501807
0;28.20;14.30;56.20;1.00;17;50.13070267
27.8;20.60;16.50;83.80;0.80;18;46.93038454
3.4;21.10;15.90;90.10;0.40;3;100
3.8;15.90;12.30;84.40;2.90;9;96.39027328
4.3;14.90;9.30;80.60;3.10;6;100
0.5;17.00;10.20;79.40;3.50;11;84.47634773
0;18.10;8.50;70.70;1.10;7;100
0;25.50;6.60;64.40;1.70;16;54.2626672
19.5;15.10;11.60;89.50;1.90;18.14;39.99179504
22.9;17.10;11.30;90.50;2.70;11;81.51046514
2;19.50;12.40;73.10;2.40;4;100
0;20.00;9.90;77.70;0.60;15;58.01329907
0;21.80;7.60;72.30;0.70;11.42;78.35684084
0;24.10;9.00;69.50;1.80;19;26.86926478
0.5;22.70;11.90;78.60;1.60;20;21.53847071
1;20.50;15.40;85.40;1.70;8;97.14001914
13.4;20.00;14.40;90.90;0.50;7;100
0;23.00;13.30;76.80;1.20;7;100
9.1;18.90;10.10;86.00;1.70;13;62.89806159
0;18.60;9.80;64.00;2.30;9;89.69839643
0;17.90;9.80;74.20;1.20;16;40.431087
0;21.80;8.30;67.60;1.80;15;47.78788402
5.5;17.60;12.50;90.00;2.30;19;20.86712308
3.1;21.50;13.20;85.50;0.40;5;100
4.3;18.60;12.70;79.90;1.80;10;78.84648471
0;20.10;14.70;69.00;2.40;11;70.03440798
6.6;17.00;13.20;91.70;1.30;12;65.38457166
0.6;17.60;10.00;81.20;1.70;5;100
11.3;13.20;11.00;95.80;1.40;12;62.88471025
0.1;17.90;12.10;89.80;1.30;3;100
12.7;17.50;12.10;67.70;4.00;6;100
6.7;16.10;9.20;83.70;2.30;14;45.27978426
9.6;16.80;9.20;77.80;2.10;7;94.03299315
1.7;18.60;8.60;88.30;1.70;12;56.55581775
0;19.90;12.60;75.00;1.10;8;87.49794764
0;19.00;7.50;87.70;3.20;14;34.56654383
9.4;16.80;11.50;78.00;3.60;11;63.82999844
1.1;12.90;10.30;72.90;5.00;6;100
2.6;12.10;9.00;80.40;3.60;4.25;100
8.4;13.20;8.80;90.60;1.90;4.1;100
0.1;12.80;7.70;91.10;0.70;4;100
0.2;15.80;6.50;85.60;1.60;5.36;100
0.1;13.50;9.70;88.20;3.70;10;63.85169125
0;14.30;10.10;86.50;1.70;2;100
0;18.20;9.70;82.70;0.60;7;85.01662417
0;21.10;8.60;85.90;2.10;12;43.29157274
0;18.90;11.30;91.50;0.70;12;37.13646177
0;19.90;10.60;88.50;0.60;7;87.51373798
0.1;17.20;9.90;80.10;2.00;8;76.27071678
0;13.80;6.90;71.50;1.80;5;99.04678703
0;14.50;7.70;78.90;2.40;11;39.14733744
0;14.60;7.80;83.20;0.60;4;100
0;13.80;2.60;84.40;1.70;4;100
0;11.00;2.60;91.00;0.70;6;86.40447451
3;15.50;6.10;88.10;3.10;4;100
0;9.10;2.30;71.30;2.50;4;100
0.6;8.30;0.90;85.20;2.40;10;44.53415175
0;10.20;-0.20;76.30;0.90;7.22;70.64699205
0;11.40;-1.80;74.10;0.50;11;24.12522957
0;8.40;4.30;85.70;0.30;12.61;6.828028889
0;9.60;-0.50;83.30;0.30;3;100
0;10.00;0.60;85.50;1.20;9;44.20372
0;12.10;-1.40;84.00;0.30;9;42.68048114
0;14.70;-0.10;82.30;0.60;10;23.99675981
0;9.80;5.70;92.40;1.80;9;36.36645091
0;15.70;4.00;83.80;0.80;2;100
0;16.60;4.20;86.00;0.90;9;35.51115993
0;11.10;3.20;79.80;2.20;10;26.20059014
0.1;7.10;-3.90;73.80;2.50;7;56.0335463
0;7.50;-5.50;70.70;0.50;10;16.53470796
0;9.20;-3.10;53.90;4.50;8;42.67229473
0;9.90;-0.30;55.30;6.20;9;19.16830809
0;11.70;0.30;62.20;5.60;9.01;22.05088908
0;13.50;4.40;68.60;4.30;9;20.63086948
0.4;13.10;6.60;77.80;3.20;7;40.06536544
0;14.80;5.40;83.00;1.80;5;79.83430877
0;13.70;3.50;83.20;1.20;8;27.47557648
0.8;12.00;6.20;82.70;2.40;7;34.24012588
0;11.30;4.40;75.40;2.60;6;57.64273888
0.1;9.80;2.40;86.30;1.70;5;77.31688559
0.8;10.00;-0.20;85.70;1.50;3;95.4976523
14.3;12.70;6.70;94.00;2.80;5.93;50.81855767
6.9;15.90;12.10;80.60;4.90;1;100
1.2;13.30;8.10;66.70;4.20;2;100
0;11.10;-0.10;82.10;2.00;5;59.09350225
0;10.30;-2.40;83.80;2.60;6;33.52618124
0;9.80;3.20;72.80;5.20;8;11.39261848
0;14.20;4.60;77.40;3.30;6;29.15040202
0;13.90;3.90;84.20;1.30;5;47.91954539
0.2;7.40;6.10;93.00;0.50;5.52;43.12660437
0.4;6.50;5.20;92.70;0.10;0.676;100
0;8.30;-0.80;93.70;0.30;1;100
0;5.90;-1.00;94.70;2.50;3;89.14820735
0;4.90;0.00;74.00;4.10;1;100
0;-0.10;-2.20;72.90;4.20;4;56.02807941
0;1.00;-2.90;72.20;2.90;2;100
14.8;10.80;-1.80;93.90;3.90;4.21;57.72117387
9.3;13.10;8.30;83.10;4.60;1;100
1.3;9.60;6.20;81.40;4.30;3;87.04423738
6.2;7.50;4.10;92.60;2.90;2;100
4.1;5.80;2.70;90.40;2.60;2;98.77330152
0.1;6.40;1.80;84.00;1.50;3;90.33250351
1.6;13.70;5.10;94.20;2.90;3;82.30051821
1.2;12.10;3.60;85.20;3.00;1;100
0;6.70;1.90;92.60;1.20;4;57.72962597
0;2.60;0.20;98.70;1.70;1.43;100
1.6;9.80;2.80;91.80;3.60;1;100
1;7.80;2.20;75.00;3.70;0.298;100
3.3;6.80;1.40;98.60;0.60;3;59.47002752
0;7.30;4.60;96.30;1.50;0.748;100
0.2;8.90;6.30;83.60;3.60;0.661;100
0;8.70;4.00;88.20;3.40;4;36.23913792
1.2;6.80;-1.80;97.20;0.80;1;100
0;3.30;-3.50;93.80;0.80;1;100
0;-0.50;-3.80;92.40;2.00;4;30.6704407
0;4.40;-3.60;89.00;1.70;3;65.84675441
0.8;8.30;2.90;90.00;2.10;3;63.44648904
0.8;10.80;3.30;89.90;2.10;3.17;56.60311426
2.5;7.70;2.80;77.60;3.30;2;93.99925509
0;5.90;-0.40;85.40;2.00;1;100
1;7.00;2.20;81.60;2.80;3;47.93038495
6;7.50;1.50;89.20;3.40;3;61.71735683
1.6;4.90;-0.70;95.90;1.80;0.961;100
3.6;12.60;5.80;89.70;4.90;2;92.80622178
11.8;12.40;8.80;87.30;5.30;0.298;100
2.7;9.00;5.60;82.50;4.00;0.385;100
0.1;5.60;-0.80;82.30;4.00;2;96.20818364
0;2.20;-2.70;91.60;2.40;2;100
0.5;2.30;-3.60;93.30;2.90;3.73;32.09844756
0;4.10;-1.10;91.50;2.70;2;100
0;2.80;-2.30;88.90;2.30;3;68.58885009
0.2;2.70;-1.30;90.80;1.50;3;50.97032706
0;2.30;-2.00;96.70;1.10;0.704;100
0;1.60;-0.70;98.60;0.30;2.54;69.21209835
0;1.10;0.00;94.90;2.20;0.733;100
0;0.90;-2.00;91.40;0.80;0.873;100
0;-2.40;-3.30;86.30;1.70;1;100
0;-3.10;-3.70;98.80;1.60;0.337;100
0.1;0.30;-2.80;90.40;3.40;0.43;100
7.8;7.50;0.30;92.60;4.50;1;100
4.9;11.20;2.60;98.70;1.80;0.562;100
0.1;12.10;11.00;76.60;5.30;0.71;100
4.3;10.50;5.00;77.10;4.40;0.835;100
1.3;6.50;3.10;74.20;4.50;2;100
4.4;3.40;-1.20;83.00;4.00;2;92.79085978
0.7;0.00;-3.70;93.80;2.60;1;100
0.1;-0.30;-3.40;79.80;3.40;4;21.4222517
0;-4.10;-10.50;93.20;0.60;4;36.30552114
0;-4.50;-9.70;87.60;2.80;3;75.74779925
0;-5.70;-11.30;86.50;2.70;4;48.05781956
0;-4.80;-8.10;91.10;0.50;1;100
0;-4.80;-7.50;93.90;2.00;1;100
1.7;0.10;-6.80;94.50;3.20;1;100
5.4;3.20;0.00;80.40;5.50;1;100
0.1;1.00;-0.30;81.50;5.40;1.29;100
0;0.20;-1.30;81.90;5.10;2;98.89907964
0;-0.50;-5.60;78.20;3.20;3;78.71344967
0;0.20;-6.20;90.00;2.00;2;91.26174826
0.7;2.20;0.30;98.50;2.00;0.899;100
0;4.70;-0.20;96.70;1.30;2;91.06152315
0;3.20;-1.90;80.80;3.00;4;42.39715593
0;3.40;-2.50;68.50;3.50;4;44.45083389
0.7;-2.00;-3.70;85.60;3.60;0.897;100
0.8;0.00;-4.50;85.80;3.50;4;63.22339379
0.3;3.10;-1.00;93.80;2.40;3;74.42052815
7.9;6.20;-0.70;92.80;4.40;2;100
3.6;9.20;3.60;70.20;4.80;3;89.3919722
1.3;5.50;3.10;77.50;5.40;1;100
0.2;3.90;0.90;91.50;2.50;2;100
2.9;12.20;1.20;80.90;3.90;2;100
3.3;9.40;-0.20;88.80;5.00;3;89.74061047
3.6;7.40;-0.40;88.60;4.40;2;100
3.4;7.10;5.50;89.70;3.80;2;100
2.4;7.10;-2.70;91.80;3.20;1;100
0;-0.20;-2.90;89.70;1.70;3;96.51996967
0.1;9.90;0.60;72.30;4.90;2;100
1.2;10.00;0.30;78.80;3.70;3;84.7921673
0;3.00;-3.30;84.10;1.80;4;70.24610776
6.5;6.30;1.40;82.50;4.10;2.24;100
0;6.50;3.60;78.60;4.60;4;73.19792605
0.3;9.70;4.50;91.50;3.80;0.869;100
4.6;9.20;2.20;84.90;5.30;0.588;100
4.3;2.00;-1.20;97.30;2.50;1;100
0;1.10;-5.70;84.70;2.00;6;45.89965841
0;2.50;-5.30;87.00;1.40;7;41.475687
2.8;6.10;-1.20;96.00;2.00;3;100
3.6;10.70;5.10;77.50;4.10;5;70.42345696
0;10.90;0.00;80.70;2.00;6;48.886855
1.7;10.70;3.50;86.70;2.70;3;97.60811621
3.6;7.40;1.60;89.60;3.40;2;100
3.4;10.10;2.80;81.90;3.80;7;41.07018348
5.8;8.40;2.60;82.30;4.60;4;95.30048435
0.7;6.80;2.00;87.90;3.10;5;83.90243042
1.8;7.30;0.80;91.00;3.60;4;90.80595423
8.1;10.00;2.40;69.00;4.40;7.38;48.10620098
1.6;14.50;1.50;76.50;3.10;7;55.06461683
0.3;7.80;2.00;72.10;3.90;10;22.58941814
0;5.80;-1.00;70.90;3.50;6;70.81895865
0.1;6.70;0.10;78.60;2.30;7;66.22927661
1.4;5.10;0.60;92.50;1.60;5;87.49705506
1;1.00;-0.50;98.80;2.20;2.14;100
0;4.30;-0.90;85.10;1.70;6;79.77692205
2.4;7.60;0.50;92.70;5.20;1.36;100
0;9.70;6.40;70.90;4.60;3;100
1.7;8.70;1.60;78.30;4.00;6.91;69.80710398
1.2;7.50;-0.50;86.60;2.40;4;100
0;5.00;-1.00;82.20;1.10;7;66.46522904
0;7.00;-3.80;71.90;2.60;12;18.7776029
0.2;8.20;0.10;75.40;3.50;8;59.06348067
0;7.30;-1.90;78.30;1.60;10;48.33644059
0;8.80;-2.60;66.50;1.90;12;19.10017191
0;7.20;-2.00;76.80;1.20;9;53.9039131
0.1;8.60;-3.20;78.10;0.70;10.33;44.65571601
0;2.60;-2.40;95.40;2.70;6;92.00118167
0;7.10;-4.00;85.50;3.40;10;54.761135
0;3.70;-1.40;79.90;4.70;2;100
0;-1.20;-5.80;66.10;5.40;6.5;87.63092182
0.4;3.80;-3.90;77.00;4.00;7;82.74364755
2.1;3.20;-1.50;94.40;1.90;3;100
1.5;8.60;-0.90;83.60;4.30;6;95.65772926
0.5;9.70;2.80;68.80;5.20;9;70.82233101
2.9;7.30;1.10;89.10;3.20;8;79.55670372
2.3;5.90;-0.30;80.50;4.70;6;96.93961896
0.1;7.50;0.80;73.30;4.90;11.14;53.30331491
1;6.90;-1.30;68.00;3.50;11;52.3958033
0.1;10.90;3.20;73.10;3.70;12;49.67215509
0;15.80;3.60;63.60;3.10;13.8;34.95856258
1.8;8.60;3.30;75.20;5.50;6;97.52431463
2.8;8.20;2.30;71.40;4.30;12;55.85333992
10.8;5.50;-0.70;84.60;5.00;6;100
4.9;0.60;-1.50;80.90;3.70;6;100
3.5;1.40;-2.60;88.20;1.70;6;100
0;5.20;-3.70;70.10;2.10;14.87;35.13302511
0.5;7.60;-3.00;76.50;2.20;11;64.07297465
0.3;10.30;2.40;75.10;4.60;13;49.57161512
0.8;17.10;5.10;70.30;5.30;9;84.83642007
0;12.10;8.30;72.00;4.10;6;100
2.6;9.00;1.90;69.60;4.60;9;84.12570809
0;9.10;-1.00;62.80;1.70;18;19.71746658
0.7;11.40;4.50;79.40;3.60;5;100
5.1;10.00;4.60;82.30;5.20;3;100
0.4;5.80;2.70;64.80;7.00;11;75.07461335
0.1;7.40;-0.50;60.80;4.20;14;51.68102249
0;8.90;-0.60;61.00;1.20;16;43.75681205
0.3;7.30;2.10;78.00;0.70;10;84.24134895
0;9.40;2.20;82.30;2.10;7;100
0;6.70;0.20;85.30;4.70;7.66;99.27064731
0;13.90;-0.10;68.80;4.30;19;23.84852601
14.6;13.90;0.00;83.10;1.60;12;74.63429249
3.1;7.40;1.20;88.20;2.20;7;100
2.2;6.30;0.60;89.30;2.50;9;94.10972229
3;13.10;4.30;87.60;3.70;9;92.46728033
0.8;7.70;2.90;81.90;1.40;7;100
5.2;6.80;2.60;86.10;2.40;7;100
0;8.10;2.30;86.40;3.30;7;100
0;26.30;4.20;56.70;3.70;21;23.84736663
0;26.30;12.10;47.90;4.20;21;23.65456717
0;21.60;11.30;62.40;4.70;20;30.71714027
0;21.80;10.80;60.00;4.80;22;19.32603531
0.7;18.60;6.10;75.90;3.70;21;28.05529079
0.2;9.20;5.50;93.10;3.90;7;100
0;8.50;5.30;72.80;3.10;7.79;100
0;13.00;-0.70;64.00;0.90;23;18.26076112
0;16.50;0.80;62.40;2.10;22;25.47026718
0;15.10;6.30;61.20;2.10;21;28.869005
0;14.70;0.50;57.70;1.20;25;11.12278196
0;19.60;1.40;59.20;0.80;24.05;14.88933919
0;21.40;5.40;59.50;1.70;21;33.87794612
0;22.20;4.80;66.00;1.20;20;36.97097759
0;20.20;8.60;58.30;2.40;21.15;33.46119408
0;15.80;5.60;67.10;2.60;20;40.02032617
2.6;17.40;8.60;79.80;1.80;12;86.8455333
4.7;13.50;6.20;80.70;3.40;12;85.01805541
4.7;10.30;4.10;78.50;1.30;12;83.16137192
0.5;11.90;3.20;81.30;0.60;14.53;72.25392207
3.6;10.80;2.00;94.30;2.90;6;100
20.2;9.60;5.60;96.00;6.40;2;100
0.2;10.40;5.40;66.70;5.10;9;100
0;12.40;2.40;59.70;2.30;20;47.0204604
0.1;14.20;2.30;67.00;0.70;15;71.16372365
1.1;15.70;8.50;85.10;1.90;7;100
7.9;14.40;7.40;73.40;3.10;8;100
0.6;11.50;4.60;73.20;2.40;10;100
0;14.80;4.70;65.50;0.70;11;93.65362374
0;14.10;2.60;70.00;2.10;11;95.80529264
0;16.00;0.20;62.20;1.00;14;80.65666955
0;21.00;3.20;58.20;1.20;12;88.56103329
0;22.90;6.10;52.40;1.60;14;78.88992881
0;23.50;7.10;57.60;1.70;14;77.96555958
0;26.10;8.40;63.60;1.20;14;81.84407447
5.3;27.60;13.80;76.00;2.10;14;78.35403232
0;24.20;11.60;68.30;1.40;21.09;45.1191549
0;27.50;11.50;65.20;1.80;21.34;44.19993145
10.6;19.40;14.90;92.60;2.90;9;100
0.2;17.10;14.10;95.90;2.20;6;100
0.2;17.40;11.50;94.80;2.20;6;100
15.5;11.10;7.90;96.40;3.30;4;100
0;18.90;7.70;72.70;0.90;22;40.49904878
0;21.50;10.20;73.60;0.80;16;73.71970845
7.5;21.20;10.10;70.10;0.60;20;51.86664908
1.3;18.60;12.40;87.90;1.20;13;85.86862553
2.6;18.70;12.50;86.50;0.60;11;97.30799759
0.9;16.40;10.60;76.40;1.40;15;78.48442948
11.9;11.60;7.70;94.20;0.20;5;100
0.1;19.40;6.60;77.00;1.00;18;63.76426082
11.6;12.60;8.20;95.70;1.30;4;100
1.4;16.00;10.10;88.40;1.00;11;95.54030748
22.9;12.30;9.70;96.90;3.30;4;100
0;19.40;7.90;74.00;1.30;21;49.18178589
1.9;13.90;9.80;88.40;0.40;8;100
1.6;18.10;7.80;77.70;1.50;18;61.99503748
0.7;17.90;10.20;78.40;1.70;12;90.28072591
0.6;17.10;11.30;86.80;1.70;11;95.29232247
0;19.60;8.90;62.40;1.90;24;34.70930209
0;24.40;9.50;70.70;0.80;21;48.64451402
9.3;24.60;13.30;83.20;1.40;14;84.66389921
0.6;12.50;8.30;83.80;3.10;11.45;95.06808877
0.6;13.40;8.10;90.40;1.60;7;100
0.4;20.00;11.80;79.20;2.80;18;63.10921041
0.1;23.00;13.50;71.10;5.40;24.08;34.32258977
0;23.40;12.80;73.90;4.70;26;25.99154017
0;25.20;11.70;65.80;3.60;27;20.15704848
0;22.80;8.80;59.20;2.00;28;15.05084197
0;25.70;13.90;60.80;2.00;28;15.79332572
0;24.30;12.00;70.20;1.40;27;21.32781482
0;21.50;9.60;64.00;2.20;26;22.39323663
0.8;21.10;7.20;69.20;1.00;18;60.57246527
7;22.90;15.40;84.60;1.70;14;83.19258374
0;17.10;12.60;66.20;3.20;18;62.53994779
0;18.10;11.00;63.70;2.80;19;55.92885856
0;22.30;10.40;66.40;0.90;21;47.41633168
0;27.50;11.90;60.20;0.60;26;23.7320889
0;30.40;13.10;60.30;0.60;26;24.70892487
0;31.90;14.90;61.10;1.70;25;27.60429475
0.3;30.80;17.30;73.20;1.70;17;68.45974703
0;27.40;16.60;79.70;2.70;19;56.83380172
0;30.20;16.90;70.90;1.60;25;28.61440819
0.1;30.90;17.00;69.00;0.90;20;51.55178973
7.4;29.60;16.80;71.40;0.80;19.39;53.41141677
0;25.90;18.10;78.20;0.90;19;56.13540587
3.5;24.50;16.00;80.50;1.30;14;78.26707585
1.6;22.80;14.60;75.80;1.30;18;57.95554225
0;20.20;16.00;80.10;1.30;11;96.07909085
0.1;23.80;15.20;74.80;2.40;17;66.0228074
0;25.40;12.50;71.20;1.30;24;26.44960684
0;32.70;15.90;59.50;1.40;24;27.81155239
0;26.30;17.10;72.30;2.50;16;68.16371939
0;20.50;10.60;63.70;2.00;21;42.54082681
0;24.70;8.20;60.40;0.80;23;29.83437752
0;24.00;10.80;62.20;1.50;24;23.58279268
0;27.00;8.90;56.90;1.70;26;14.33607761
0;29.40;12.20;51.80;2.40;24;22.62518123
0;28.40;13.60;58.50;1.00;20;44.82757929
0;29.30;12.10;55.10;1.60;25;17.81698534
0;31.10;12.90;51.30;1.30;24;21.07082818
0;29.60;15.50;54.50;2.30;24;23.66964509
0;27.10;15.70;55.80;3.00;25;14.68769233
0;25.50;13.30;58.30;2.40;23;25.05092375
0;28.20;9.30;60.60;1.30;21;34.28298664
0;24.30;15.30;77.10;1.90;12.23;82.86659726
0;26.40;14.00;64.50;1.10;22;28.11998693
0;28.70;11.00;55.20;0.50;23.43;19.77300013
0;27.20;15.20;53.80;2.00;21;30.66641167
0;23.20;11.60;56.60;3.00;20;34.95010315
0;23.70;7.10;54.10;1.30;24;12.73615751
0;27.20;7.30;52.60;1.20;22.13;23.6720463
0;27.20;8.80;62.90;1.10;23;19.14660119
0;29.30;9.70;48.60;0.70;23;16.77851161
0;30.80;13.90;41.00;1.10;18;46.46107508
3.3;20.60;12.10;79.60;1.10;6;100
1;20.00;11.00;66.20;1.70;13;72.56780144
4;22.20;12.00;77.70;0.50;13;71.53292827
0;26.30;11.70;68.90;0.70;20;28.49209015
0;28.60;13.20;63.70;1.20;18;40.3435302
0;29.70;13.60;59.70;0.90;17;43.44713556
0;30.70;14.90;56.40;1.50;19;32.75687918
0;28.80;14.40;66.70;1.90;18;39.34356232
0;28.20;14.10;56.10;1.80;21;19.18536298
0;31.40;13.00;59.50;1.00;16;47.17374708
0;25.80;16.00;72.10;1.10;14;61.24441322
0;24.60;13.90;60.30;1.80;15;53.90969459
0.7;19.90;14.90;71.10;3.30;9;88.75895648
2.8;17.60;11.60;77.30;1.80;10;81.22570945
4.1;15.10;10.10;87.90;1.10;8;100
2.5;14.70;8.90;89.30;3.10;10;85.55952582
0;16.20;8.20;65.60;3.20;13;61.5561466
27.6;12.40;8.50;90.70;4.40;3;100
9.1;15.20;10.50;88.40;4.20;5.86;100
2.7;16.60;9.90;84.30;2.30;10;79.98238189
0;16.60;11.10;79.60;2.30;9;85.62972539
0;16.90;11.80;74.20;3.00;7;100
1.2;19.30;10.00;82.90;1.90;10;77.36851454
0;20.80;9.20;72.10;0.40;13;53.5444179
0;23.20;8.00;63.30;1.70;17.47;21.25419914
0.3;17.60;10.50;90.30;1.40;6;100
2.2;18.30;13.10;86.80;1.30;5;100
0;19.70;10.70;77.10;0.60;12;56.41341355
1.3;23.10;9.80;75.90;1.30;11;64.63235908
0;21.00;12.60;74.70;0.80;16;27.06235116
0.1;24.40;12.00;74.20;3.00;12.93;47.67643239
0;18.20;12.70;90.00;1.20;3;100
0;16.70;11.90;85.90;0.50;5;100
0;19.10;9.80;77.10;0.60;10;65.56412097
0;20.60;6.90;77.20;1.00;15;26.61861234
0;18.60;8.90;83.60;3.00;12;52.33883216
0;13.40;8.30;89.00;3.50;4;100
12.6;12.10;8.60;97.10;3.90;0.998;100
1.1;16.00;5.60;80.30;2.90;12;40.43256296
0;16.90;2.80;78.60;0.40;13.98;25.48775727
0;16.60;11.00;86.90;1.10;7;88.05128912
0.2;18.40;10.50;81.50;1.60;10;62.3816545
0;19.00;9.50;76.60;0.90;13;25.67913074
5.1;16.60;11.30;81.90;2.90;6;91.14337148
11.8;12.00;9.30;96.10;1.70;3;100
1.1;11.60;5.10;75.40;3.90;10;52.39469322
0.9;10.50;2.80;86.60;2.80;7;78.14484684
0.9;10.60;3.40;82.40;2.40;9;58.62092411
1.3;11.00;2.20;75.00;2.10;11;38.49132164
0.1;16.10;7.20;81.60;1.50;12;30.28895485
0;20.40;6.30;78.70;1.20;11;36.5934444
0;21.20;11.60;84.30;1.40;9;49.69861055
0;22.40;12.10;82.40;1.40;9.8;44.00417261
0;18.00;11.50;86.50;0.90;7;74.83445688
0;20.70;12.50;80.90;0.80;9;50.28537797
0.5;20.30;11.40;85.10;0.30;6;83.75032106
0;23.90;9.20;80.10;0.30;11;23.69219135
0;24.40;10.90;81.60;0.40;11;25.18034009
0;23.00;7.20;86.20;0.30;11;23.78947721
0.2;13.40;7.50;96.10;0.20;2;100
0;16.50;13.20;92.80;0.00;3;100
0;15.60;12.60;90.60;0.10;2;100
0;15.30;6.40;85.90;0.80;6;70.54390175
0;16.80;5.80;88.10;0.10;7;62.65271082
0;14.10;9.30;94.50;1.30;3.26;100
0.3;15.80;7.70;88.50;2.00;3.25;100
0;14.00;5.50;75.60;2.70;5;75.16386639
0.4;12.50;6.90;82.90;3.50;2;100
0;9.70;-1.10;80.40;1.90;8;40.92373796
0;11.00;-2.90;75.80;1.40;9;23.72485629
0;12.50;0.30;77.30;1.30;8;30.48215078
0;15.60;2.80;73.00;1.50;8;24.29833654
0;16.10;1.10;70.10;1.60;8;25.96443683
0;14.80;4.00;91.30;1.10;6;57.13717095
1.6;17.50;8.10;75.50;1.90;5;69.46839436
0.4;13.40;2.20;84.10;1.20;6;46.89252071
0;8.30;0.10;95.90;1.00;3;95.87534256
2.5;8.20;-0.40;97.70;1.50;1;100
2.2;6.30;-2.00;97.50;1.70;4;79.38883379
3.8;8.70;4.40;91.90;3.00;2;100
2;4.30;0.80;88.30;2.10;4;85.17787057
2.1;5.60;-0.50;90.40;4.00;4;79.83851869
0.5;3.30;-0.20;87.30;6.20;4;75.68253873
0;2.70;-1.60;74.60;3.30;8;7.941512275
2.6;6.10;-0.40;89.00;3.70;0.564;100
2.1;6.40;-3.70;79.10;2.30;6;25.52734411
0;3.80;-5.60;83.50;0.30;6;33.50908233
1.7;5.60;0.30;97.60;1.00;1;100
0;9.20;3.60;97.00;1.60;2.26;100
0;7.50;3.10;91.20;1.80;3;87.12212202
0;6.80;-2.10;85.40;3.60;3;89.77244558
0;2.00;-4.80;95.00;1.10;5;48.87815194
0;5.10;0.40;92.20;0.80;0.739;100
0.1;9.10;6.10;88.00;2.30;2.06;100
5.3;10.50;7.00;91.70;2.80;2;100
0.3;8.90;-2.00;63.40;3.70;3.21;75.97387603
0;0.50;-3.30;77.50;3.60;4;66.63059963
7.2;3.30;-0.50;94.60;2.70;3;87.16326348
0;0.30;-7.50;92.40;1.00;6;15.52112952
0;-0.20;-9.50;94.50;1.10;5;32.10950118
0;0.50;-7.00;84.80;1.90;6;900
0;2.70;-4.60;97.30;1.00;1;100
0;6.90;-0.60;97.50;1.30;2;97.98830444
0;2.50;-2.00;96.00;1.40;4;53.9440951
0;2.10;-3.10;92.90;1.40;4;45.35698999
0;1.20;-4.20;91.30;1.40;4;35.32861314
0.1;0.00;-3.60;98.80;3.50;0.312;100
0;0.10;-1.00;99.00;3.50;0.437;100
0;-1.20;-2.80;96.40;3.20;0.541;100
0;-2.60;-4.60;88.30;2.90;3;59.49596249
0;-2.60;-4.10;91.60;3.30;0.479;100
0;-2.20;-5.10;93.10;3.40;1;100
0;-0.90;-4.60;80.70;4.40;0.799;100
0;-4.20;-7.80;70.90;6.60;3;70.98093137
0;-4.70;-8.30;84.10;5.60;1;100
5.8;-1.60;-4.80;90.10;4.50;0.342;100
0;-0.10;-3.40;95.50;1.70;3;71.40579137
0;-1.00;-2.50;96.90;0.70;0.674;100
0.3;0.00;-0.80;98.70;1.50;0.582;100
0.1;1.90;-0.60;98.70;2.90;0.944;100
0;1.30;-0.90;87.50;4.50;0.679;100
0.1;-0.90;-2.10;96.10;1.20;0.49;100
0;-0.50;-6.30;93.00;3.20;0.787;100
0;-4.70;-8.40;96.30;2.40;3;57.21326778
0;-5.40;-9.80;95.00;2.60;1;100
0;-3.10;-8.10;97.80;0.70;0.753;100
0;-2.10;-3.20;98.80;0.50;0.847;100
0;0.30;-2.80;98.30;1.20;0.742;100
0.1;0.70;-7.60;90.60;1.90;1;100
0;-4.80;-10.70;93.60;1.10;3;56.64862546
8.1;4.70;-12.10;94.30;1.70;2;100
5.2;8.10;3.10;97.60;3.30;1;100
0.5;2.20;-4.60;94.10;3.00;0.637;100
0.1;-0.80;-5.20;96.00;2.20;0.433;100
0.5;-0.10;-13.00;94.70;2.00;1;100
0;-6.00;-13.50;95.10;0.00;2;98.31574831
0;-7.50;-11.40;96.20;0.30;0.967;100
0;-7.80;-17.00;92.70;0.30;3;43.30028335
0;-10.90;-17.70;89.20;1.60;4;35.49105895
0;-10.60;-14.70;87.80;4.60;3;70.16332964
0;-8.10;-10.80;88.20;4.70;0.867;100
0;-7.10;-9.80;89.50;3.10;1;100
0.3;-1.00;-7.20;89.20;2.40;2;98.86214293
0;-3.80;-7.90;85.00;1.80;2;99.55808332
0;-3.50;-7.70;92.10;3.40;2;83.50198477
0;-3.50;-6.40;87.60;5.10;0.905;100
0.9;-0.10;-7.60;86.80;3.30;3;71.43212147
0;1.40;-0.10;93.70;1.00;0.883;100
0;0.60;-1.00;98.00;2.60;1;100
0;0.50;-0.60;97.90;2.50;1;100
0;1.80;-2.10;97.00;1.20;3;65.96596219
0;0.80;-2.80;98.60;0.60;3;75.82648603
0;1.00;-2.70;98.50;0.50;3.05;68.50675468
0;-0.50;-4.50;98.30;0.00;0.622;100
0;-0.70;-2.30;96.70;1.30;0.754;100
0;-1.10;-4.20;92.80;2.00;1;100
0;-4.30;-5.10;97.20;0.70;1;100
0;-2.10;-5.00;96.90;1.20;0.775;100
0;-0.40;-3.00;92.90;2.10;0.701;100
0;-4.10;-8.50;83.50;5.40;1;100
0;-6.40;-10.60;85.40;4.20;4;50.71164338
0;-5.40;-9.30;80.50;5.40;2;98.18227367
0;-5.30;-10.40;70.10;5.30;5;40.60766551
0;-6.50;-13.20;69.50;6.10;5.12;34.64481346
0;-9.70;-15.40;74.30;6.10;5;36.75613149
0;-10.40;-15.20;75.80;6.10;3;90.33277312
0;-8.50;-13.90;76.90;3.80;2;100
0;-3.30;-12.50;81.40;3.00;5;37.24167106
0;-2.90;-11.40;78.00;2.80;6;24.96188888
0;-1.70;-10.80;85.00;2.20;1;100
0;-1.80;-4.60;73.30;2.80;3.33;83.67281155
0;-0.90;-10.20;73.50;2.20;6;26.43831243
0;-0.70;-13.40;81.30;0.80;6;41.30747416
0.1;-3.50;-7.30;86.10;1.20;2;100
0.1;-3.90;-7.30;90.30;1.90;1;100
0.3;-3.60;-16.70;86.40;1.20;6;36.62377865
0;-4.80;-17.10;77.80;2.60;7.18;21.86757179
0;-6.30;-16.50;76.40;3.50;7;19.6230076
0;-9.80;-16.10;78.80;3.30;7;29.81950564
0;-8.40;-19.20;77.40;2.50;8;18.90380271
0;-8.40;-16.80;72.90;3.90;5;72.66731148
0;-1.20;-8.80;80.90;2.60;3;99.26931911
0;4.00;-1.30;82.40;3.40;1;100
0.9;0.10;-2.70;90.90;4.20;3;100
0;-0.80;-3.20;85.60;5.00;3;100
0;-0.90;-4.30;71.80;3.40;7;44.12595816
4.5;4.40;-1.30;94.70;4.70;1;100
3.7;2.90;-0.70;86.10;4.40;2;100
7.6;1.50;-1.00;95.00;2.80;2;100
0.2;4.00;-1.50;93.20;1.50;3;100
0;0.60;-3.10;92.40;6.10;2;100
0.2;-1.80;-5.50;87.90;4.70;3;100
0;-4.40;-6.70;82.70;2.60;6;68.48813764
0;-3.70;-10.60;82.50;1.10;6;71.08075744
0;0.10;-11.90;77.80;1.00;10;23.97734565
0;7.20;-8.80;71.60;2.50;8;53.58494156
0;8.70;-0.40;64.10;2.90;10;20.6570366
0;8.80;-2.10;81.50;1.00;10;33.15690612
0;0.00;-2.40;97.70;3.00;5;85.39543282
0;0.60;-2.50;93.00;2.40;2.54;100
0;0.60;-2.50;93.00;2.40;2.54;100
0;2.50;-1.40;66.30;4.80;9;43.77519515
0;1.10;-2.30;74.00;5.10;8;60.05502151
0;-0.70;-3.20;83.70;4.30;5;89.33642255
0;0.10;-5.70;67.90;1.00;8;58.33546695
0;3.40;-8.30;75.70;1.80;8;61.34911958
1;0.80;-0.90;88.70;2.30;3;100
0.3;2.80;-2.20;67.50;4.70;10;51.55252669
0;2.70;-3.60;65.50;5.40;13.13;16.10160225
0;3.00;-5.90;63.50;5.20;11;43.78263499
0;-0.70;-6.50;70.60;4.50;8;71.32484582
0;-2.80;-5.80;76.30;5.80;7;86.07564463
0;-0.50;-7.30;70.20;5.10;11;44.68261505
0;-1.70;-5.40;82.00;4.30;6;95.83755367
0;-0.30;-1.80;87.70;3.50;3.65;100
0;2.20;-2.30;81.30;4.00;8;76.60395911
0;0.90;-0.30;87.10;5.60;2;100
0;1.30;-0.40;88.30;4.60;2;100
0;6.20;-1.90;73.90;3.40;13;39.25878676
0;3.80;-4.00;85.30;2.20;8;82.39044164
0;7.30;-4.50;73.40;3.40;15;17.58058585
0;4.70;-4.10;81.50;3.20;14;35.0656509
0;8.10;-1.80;80.30;2.90;10;68.20387073
1.1;10.60;-0.50;75.70;3.20;11;57.86724291
6;3.70;1.50;98.60;3.20;2;100
0;0.50;-1.10;98.90;2.40;3;100
0;7.60;-1.00;82.50;3.70;10;69.2521021
0;6.40;-3.30;50.40;3.70;19;4.24876209
0;6.00;-4.10;51.70;2.30;12.67;52.12746659
0.6;4.60;-1.30;79.70;1.90;8;91.32631931
1.3;2.90;-0.90;87.60;2.20;8;91.52423997
1;1.10;-3.40;91.00;1.70;9;82.33213517
0;3.20;-6.50;79.00;1.00;14;44.54335123
0;3.60;-5.50;73.90;2.60;16;36.72302214
0;3.80;-2.10;73.40;5.30;8;95.32728668
0;7.60;0.10;76.20;4.80;10;81.42711564
0;6.00;0.80;90.80;2.80;3;100
0;16.60;2.20;69.40;2.90;16;41.31671517
0;17.30;-0.20;64.40;2.40;19;16.22273674
0;15.60;-0.40;68.90;0.80;17.19;32.66492767
0;13.20;-0.40;77.10;1.80;15;45.71041431
0.2;11.50;0.60;76.80;1.30;14;59.28978363
2.3;5.70;-2.20;87.20;4.40;2;100
0.3;2.30;-3.90;68.90;4.40;14;55.52576123
1;2.50;-2.10;85.10;5.00;9;88.99028401
0;9.70;0.60;61.50;6.40;20;23.25506424
0;13.60;-4.00;46.30;3.20;22;6.773990601
0;14.40;-2.30;50.00;1.30;22;11.10896371
0;17.40;-2.00;47.50;2.10;22;11.46687158
0;20.70;-0.30;47.40;1.00;21;17.94625698
0;22.40;1.80;52.10;1.00;20;29.89708527
0;24.30;5.60;51.50;1.10;19;35.14880701
0;26.70;9.20;45.80;1.60;21;24.8225831
0;27.70;10.20;46.20;1.40;20;29.96678259
0;27.90;11.90;46.40;2.00;21;26.35907329
6;15.10;8.10;89.90;2.10;6;100
0;16.80;6.70;69.80;1.50;16;57.659918
0;15.30;4.90;73.90;2.60;14;69.95573236
0;17.70;2.20;64.30;1.40;23;16.16370167
0;19.70;4.70;65.10;2.00;19;39.183909
1.7;13.10;5.30;70.40;1.90;15;66.11554726
0;17.10;1.80;65.00;2.50;16;56.75532228
0;14.90;7.50;84.80;1.80;10;91.66927271
3.1;16.90;5.80;91.20;1.40;8;100
32.2;20.00;7.30;91.10;1.40;13;78.05378896
8.8;11.30;7.00;78.30;3.30;6;100
0;9.20;1.90;59.80;2.70;16;61.71725729
0;12.30;-0.90;62.70;0.80;21;37.33225722
5.4;8.60;6.60;84.80;3.50;5;100
2.5;9.60;6.30;90.00;4.50;3;100
5.1;6.10;4.10;96.40;5.00;2.03;100
3.8;6.50;4.00;95.50;1.40;4;100
0.1;12.10;5.80;86.40;1.10;9.32;100
0;9.80;7.20;94.60;3.10;5;100
0;18.80;7.70;89.30;2.90;14;74.88760835
0;16.70;9.80;86.30;2.90;17;60.79684196
0;16.00;9.70;74.00;2.70;16;68.36396813
0.6;10.30;7.20;81.70;1.10;7;100
1.3;18.00;9.30;87.70;1.60;11;95.72020384
3.9;23.40;12.10;73.10;1.60;21;44.65655215
0.2;23.20;9.90;77.60;1.10;17.08;62.88861268
14.4;15.30;6.90;85.50;3.00;9;100
0.7;17.30;5.10;65.00;2.10;23.98;28.66031776
8.6;14.30;7.00;82.30;1.50;10;100
0.7;13.80;4.60;85.90;1.80;11;94.14957513
0;19.30;10.00;79.90;2.50;16;67.93357821
4.6;20.00;11.40;80.10;2.20;14;80.57909336
4.1;15.30;8.20;78.80;2.60;17;64.77250245
9.6;16.50;8.60;87.40;2.10;12;90.26311968
2.3;11.30;5.90;80.50;4.20;10;100
0;18.20;2.30;57.10;1.80;26;23.34828549
0;22.30;13.40;68.90;1.00;17;67.20980036
0;29.20;12.10;61.30;1.90;27;19.82694848
0;22.40;10.60;77.40;3.10;22;42.47565323
0;16.20;10.10;79.50;3.00;11;96.3753358
5.5;14.10;11.10;91.30;2.40;7;100
0;20.40;10.60;64.50;1.40;26;25.81139949
0;23.40;10.40;64.60;0.80;24.22;32.46451479
0;27.90;11.30;57.80;2.00;28;13.31524816
0;30.20;12.10;61.40;0.80;27;21.18635647
26;32.50;16.20;64.70;1.70;24;35.16069594
0.9;27.10;15.90;83.50;1.20;16;70.63435272
0;25.20;15.30;77.80;1.30;20;53.57411074
0;28.10;13.90;69.50;0.70;23;38.41082631
0.2;26.10;13.70;65.70;2.90;23;41.69435639
2.9;16.50;9.20;62.50;3.60;22;44.75620144
0;16.40;8.70;65.20;3.00;19;59.56032636
0;19.20;7.30;58.40;2.20;26;27.09598679
0;18.00;8.40;70.60;1.80;24;35.28756758
0;22.80;7.50;63.10;0.80;23;38.20150597
0.8;20.00;10.90;61.50;2.40;18;64.24762774
2;13.20;9.60;81.30;2.60;7;100
3;13.90;8.80;72.70;1.90;15;76.54476045
0;16.30;6.20;71.70;1.30;14;81.27329049
0;15.50;4.80;72.30;1.30;11;96.42902916
0;13.70;10.10;77.10;2.10;8.94;100
0;13.80;9.40;75.20;1.50;11;99.22556394
0;16.00;8.50;77.40;0.70;9.72;100
0;19.90;7.70;71.20;1.80;19;58.23110502
0;20.40;6.80;70.00;1.70;15;75.79001543
0;19.30;8.20;65.40;2.30;20;54.46253172
38.8;22.00;11.20;79.50;1.90;13;87.89333678
1.3;15.70;10.10;87.50;2.60;9;100
0.4;17.80;11.00;81.30;2.30;15;79.59932719
3.1;17.80;9.90;74.40;2.60;18;63.08888058
0;20.00;7.90;66.80;1.50;21;47.85435402
2.9;22.40;10.80;75.80;2.50;12;93.7091994
6.7;24.70;14.00;79.60;1.70;17;64.93998387
5.5;17.70;10.50;91.00;2.20;8;100
0;19.00;9.30;75.70;1.30;20;51.5501062
22.8;12.50;10.70;94.40;4.80;2;100
6.2;13.60;11.00;83.80;4.80;7;100
0;20.20;9.80;60.50;3.40;25;27.10928032
1.7;15.70;9.80;95.00;1.60;4.43;100
1.1;19.00;13.70;82.80;2.00;11;94.12905882
0;21.80;14.90;77.30;1.40;16;71.41801309
0;24.30;15.80;73.70;2.00;20;47.52296135
0;18.30;13.10;64.70;2.90;20;47.35264069
0.2;19.80;9.60;67.40;2.90;19;52.79488408
0;19.90;8.00;62.80;2.50;24.91;23.70973994
12.8;16.70;9.70;82.90;2.50;13;82.47330205
0;17.80;7.60;72.50;2.20;22;35.99867411
0;19.40;5.40;69.00;1.40;26;15.03634094
0;21.90;6.50;62.30;0.80;24;25.33024645
0;23.00;7.70;62.90;0.70;23;33.22049141
0;25.60;9.20;52.90;2.30;24;26.21475067
14.4;19.70;15.20;85.10;1.40;9;100
4.1;17.70;14.60;88.00;1.50;8;100
0;16.30;13.90;89.20;2.40;6;100
4.1;17.70;14.60;88.00;1.50;8;100
0;16.30;13.90;89.20;2.40;6;100
11.6;22.00;12.60;79.80;1.60;19;49.70265476
0.8;20.40;15.00;87.60;1.40;11;88.20905142
0.1;21.40;12.50;85.80;1.00;12;85.27165935
0;26.30;13.60;69.60;0.80;20;39.76110251
0;21.60;14.00;71.10;1.70;19;44.33762311
0;19.70;9.30;68.60;1.90;19;44.67848058
0;19.70;7.20;72.80;1.10;16;61.48677025
0.1;21.50;9.60;72.90;2.00;21;34.10679029
0;21.90;11.50;74.30;1.60;18;48.84213464
0;22.70;10.70;69.30;1.80;18;49.26879426
0;23.50;11.80;71.50;1.20;10;90.12979763
0;25.30;12.30;55.50;2.10;22;23.24547095
0;24.90;13.40;53.70;3.20;23;15.03565399
0;26.30;13.80;63.00;2.70;16;54.41708283
0.6;22.20;15.70;76.70;2.10;8;100
7.5;20.20;14.60;86.60;1.40;9.82;91.84886893
0.4;20.90;10.10;82.30;0.70;14;65.15911989
1.2;19.10;13.00;91.10;1.80;8;100
2.8;19.10;14.90;90.60;2.90;9;96.43316018
0;22.90;14.60;82.40;1.40;11;79.7494629
0;24.40;13.80;82.50;1.50;16;50.24407233
0;27.40;12.10;64.60;1.40;20;24.77221216
0;29.50;12.50;62.40;1.50;20;23.54543265
0;28.20;11.60;62.50;1.70;19;30.92003432
0;27.40;12.30;68.70;1.60;17;39.4019935
0;27.40;12.10;67.60;1.60;18;36.01039367
10.2;27.10;14.00;81.10;1.10;12;73.64550231
7.7;21.20;13.80;88.80;1.40;10;84.43749706
0;23.20;12.20;73.60;1.00;18;32.17297551
0;20.90;10.10;83.80;1.40;9;90.10692573
2.4;22.80;14.00;88.70;2.20;6.34;100
0.1;21.00;11.40;66.50;2.70;19;23.33842881
0;21.30;11.20;67.40;2.50;15;49.64309779
0;18.60;11.30;81.50;1.90;10;78.64984252
0;17.90;7.50;73.80;1.30;14;49.59816627
0;17.60;6.00;72.20;1.60;10;79.82073099
0;21.40;10.70;72.40;2.50;18;19.22873633
0;19.00;7.20;78.00;1.90;12;59.11883206
2.4;17.20;8.10;76.80;3.90;12;59.60526655
0.7;13.50;7.60;81.40;4.10;10;74.79965009
0.9;14.90;9.40;73.50;5.00;12;57.9475823
2.6;14.30;8.20;84.70;3.00;10;76.08613207
5.5;14.70;5.40;85.20;1.70;10;71.66009142
0.6;14.90;3.40;83.90;1.60;11;66.56155251
0.2;14.10;7.90;61.70;2.60;15;31.3822154
2.1;13.60;8.10;91.40;2.60;6;98.20478546
12.3;11.80;6.10;89.30;1.10;7.57;88.57171939
0.3;15.10;6.60;80.60;3.20;12;50.53941671
0.3;14.20;6.20;78.90;2.40;12;48.07588295
0;14.00;6.30;72.00;3.00;11.17;55.76405972
0.1;10.90;7.80;85.80;3.00;4;100
0;14.00;4.90;76.00;3.70;14;26.47467539
0;14.70;3.10;78.50;3.60;13;35.80320039
0;12.80;3.20;68.70;4.20;12;42.32986392
0;12.50;4.20;80.50;4.40;8;81.75616571
0;14.80;4.00;69.30;4.80;14;23.62439158
0;11.60;4.60;82.70;3.50;4.64;100
1.4;10.60;6.90;84.20;1.90;4;100
3.9;9.50;6.90;95.80;1.40;4;100
0;12.00;6.70;88.80;0.80;7;79.46358761
2.1;16.60;4.50;86.60;1.80;9.53;56.07878074
0;15.80;8.00;77.60;1.80;10;45.97413205
5;13.30;6.20;89.80;2.60;3;100
1.5;18.20;12.00;84.50;3.10;8;69.08181271
1.3;19.80;11.00;79.70;2.10;9;56.16870275
3.6;13.60;5.10;87.50;2.60;7;78.20711415
0.1;13.70;4.20;83.50;1.20;10;46.6540683
1.3;13.30;7.70;82.70;2.00;4;100
0.3;12.40;6.10;92.70;0.40;6;84.49909896
0.2;13.70;5.80;89.60;0.40;4.66;97.0910876
0;14.60;7.50;85.00;0.80;8;62.93614177
0;15.60;9.50;91.30;1.00;5;90.17199828
0;15.30;8.80;88.90;0.40;6;75.16393831
0.1;13.10;3.50;84.50;1.20;7;66.09897905
0;13.00;0.10;79.50;0.80;10;22.14528322
0;16.50;3.10;80.40;1.20;10;27.5851157
0;18.00;3.30;85.50;0.70;10;24.61293645
0;15.70;2.90;89.50;0.70;9;30.99760602
0;17.90;1.20;86.90;0.50;8;41.30953349
0;18.60;4.30;90.40;1.00;6.69;59.92809404
1.1;12.20;10.10;96.80;1.40;1;100
0.2;12.20;7.80;91.20;0.80;3;100
0.7;13.60;5.80;84.20;1.50;9;24.93364929
3.5;12.00;6.20;89.30;1.40;4;94.3949848
2.5;8.80;3.20;96.00;0.80;2.47;100
3.3;10.70;5.00;93.60;3.10;2;100
0;9.70;2.90;96.10;0.50;5;79.41909376
0.1;10.40;4.10;85.20;1.20;4.6;78.49531074
0;10.60;2.20;76.30;2.60;9;13.55378239
0;11.60;0.80;80.50;2.20;8;18.74151854
4.3;12.10;4.90;90.00;1.80;5;72.78697231
11.1;13.30;9.70;91.00;3.10;1;100
4.8;12.50;8.50;78.00;4.30;2;100
4.2;8.90;6.60;76.30;5.40;4;86.79051603
0.1;10.20;7.20;80.00;3.20;3;91.00974154
1.1;11.10;5.90;83.80;1.20;1;100
1.5;12.10;7.80;87.70;2.60;2;100
0;14.50;12.10;86.60;2.20;2;100
0;15.50;10.70;75.70;1.80;6;29.09673853
0.1;14.60;9.00;58.70;3.10;4;69.92239776
1.5;11.80;6.60;72.50;4.30;3;92.25725201
1.9;12.20;6.50;77.30;5.40;2.9;91.7918097
0.2;8.30;1.90;84.80;3.20;5.09;45.99206697
2.7;7.90;-0.30;93.40;1.20;4;74.93342321
0;5.90;2.10;92.80;1.20;3;84.31068493
0.1;10.40;3.60;87.40;1.20;4;66.9310085
0.4;10.40;3.10;95.30;0.60;2;100
1.2;9.70;3.40;93.40;1.80;1;100
0;4.90;-0.50;90.60;1.00;3;75.27404977
0;3.40;-1.60;97.10;2.00;2;100
1.8;3.10;2.10;97.70;1.40;0.728;100
0.1;4.60;2.70;98.90;0.60;0.59;100
4;8.30;2.60;95.70;2.10;0.757;100
0.4;9.30;0.20;93.00;3.80;0.587;100
0;6.70;0.80;88.90;2.60;2;100
2.3;4.80;2.00;87.70;3.60;0.981;100
0;5.20;1.50;77.50;3.60;2;100
0;2.50;-3.00;80.20;1.80;3;84.57023711
0;0.70;-4.60;96.80;1.70;1;100
0;2.10;-3.80;86.50;2.70;5;22.81998339
0;0.20;-0.90;90.30;3.20;1;100
0.3;-0.10;-1.30;95.70;2.60;1;100
1.7;0.60;-2.70;98.70;1.90;1;100
1.2;0.40;-1.70;93.30;3.40;3;77.39351701
2.1;1.10;-0.20;98.00;2.40;1;100
0.2;1.60;-0.40;98.30;1.40;0.617;100
5.3;4.80;0.10;95.90;3.00;1;100
1.5;5.60;1.20;91.20;2.80;2;80.05545528
0;8.30;0.80;69.10;3.20;3;61.90960891
0;5.00;-2.00;88.00;0.70;4;40.60730516
0;2.30;-3.80;95.70;0.60;3;48.68668026
0;-0.80;-2.60;98.90;2.10;0.593;100
0;-0.30;-1.60;94.70;2.20;0.386;100
0;-0.70;-2.40;97.70;3.20;0.401;100
0;-0.10;-1.60;97.90;3.10;0.588;100
0;-0.30;-2.00;98.60;1.80;0.435;100
0;0.70;-0.30;92.20;2.40;0.338;100
0;1.20;-0.10;96.80;1.50;0.357;100
0;0.00;-4.30;79.90;1.60;4;35.828309
0.3;5.30;-2.50;79.20;4.50;0.434;100
0;-0.70;-5.80;87.70;1.00;2;92.5930737
0;0.80;-1.50;97.90;0.70;0.896;100
0.1;2.40;-1.90;98.80;1.10;0.37;100
2.2;2.40;-2.50;90.40;3.10;2;99.61888338
0;-2.40;-7.50;74.40;3.90;2;99.30831963
0;-3.70;-11.20;88.90;1.20;4;9.823733546
0;-3.60;-11.90;93.20;0.70;1;100
0;-3.60;-6.10;91.00;3.50;0.719;100
0;-6.20;-10.50;89.60;1.00;2;82.74503366
0;-1.40;-10.90;83.70;1.90;4;38.54505822
0;-5.10;-12.50;93.50;0.30;1;100
0;-9.40;-11.80;93.20;1.40;2;100
0;-12.40;-18.10;87.20;1.20;3;68.55154503
0.5;-10.60;-18.20;87.60;1.70;0.86;100
0.1;-10.20;-15.50;85.90;1.60;3;69.55439878
0;-14.70;-20.80;87.50;0.50;3;64.01901148
0;-12.30;-21.90;87.00;0.30;3;69.18794653
0;-7.00;-15.80;93.30;3.50;0.963;100
0;-5.90;-9.60;86.00;4.90;1;100
0;-6.20;-15.90;90.20;1.40;3;58.03653459
0;-3.70;-7.10;97.00;0.70;1;100
0;-4.50;-6.60;96.00;0.80;1;100
0;-5.40;-8.10;93.60;1.70;0.796;100
0;-5.10;-6.00;92.90;2.70;1;100
0;-5.50;-9.10;95.30;2.40;2;95.18551863
0;-5.90;-7.10;97.70;2.00;1.39;100
0;-3.90;-7.30;94.90;1.10;2.25;89.0688549
0;1.50;-6.60;90.80;2.40;2;100
0;6.00;-2.00;89.30;1.60;4;47.04336045
0;5.10;-4.00;85.80;1.00;5;32.98793946
0;1.90;-7.60;89.50;0.50;4;37.16686904
0;2.20;-7.60;86.10;0.60;5;17.85482886
0;2.30;-6.40;85.80;1.60;1;100
0;2.40;-1.60;98.90;0.90;1;100
1.7;1.30;-1.10;98.90;1.40;1.05;100
0;2.50;-1.90;92.60;0.70;3.66;63.31216955
0;4.00;-1.60;86.30;2.80;4;46.9004321
0;7.40;1.60;88.50;2.20;3;73.39786883
0;3.10;-0.90;95.40;1.30;2;100
0;0.80;-2.50;84.80;3.10;2;100
0;0.90;-5.20;86.60;3.20;5;37.6314392
0;0.90;-8.80;76.30;1.20;6;20.66799109
0;2.60;-4.10;97.60;3.10;0.862;100
0;2.10;0.70;97.30;2.10;1;100
0.2;2.90;2.00;95.90;2.80;1;100
0;4.10;-3.20;76.60;3.20;4;69.39155205
0;2.20;-5.70;74.30;2.20;8;1.870720283
0;1.60;-9.00;79.50;1.10;7;10.51862119
0;0.40;-7.00;87.90;1.60;3;85.4085881
1.8;3.50;-0.30;82.60;3.90;3;86.93537705
0.5;3.70;-0.40;88.10;3.20;2;100
0;4.40;-1.90;88.70;2.80;5;69.60493188
0;7.70;1.10;62.50;3.40;6;41.45178112
0;7.60;0.40;63.20;2.60;8;14.68515604
0;8.50;-2.10;81.50;2.20;4;83.22788664
0.1;11.70;6.90;66.00;3.70;6;43.36508402
1;9.10;3.50;61.60;4.80;7;43.55993767
5.2;9.30;2.20;89.70;2.30;2;100
10;9.40;2.80;84.20;4.20;3;100
0.8;5.50;0.20;73.60;4.30;3;99.08611234
0.1;0.80;-1.50;90.30;1.40;2;100
0;-0.90;-5.10;86.80;1.30;3;100
0;1.00;-5.50;73.00;3.50;6;58.81956571
4.9;4.30;-3.20;92.60;3.60;1;100
0;6.20;2.00;74.50;3.40;5;76.25695462
4.7;7.10;0.40;64.80;4.60;4.47;88.28383718
1.4;8.70;5.20;71.30;4.90;1;100
0;11.30;2.70;70.60;3.30;7;56.28400787
0;13.40;5.10;72.80;2.20;9;35.90809119
0.6;13.60;5.00;75.00;3.20;3.75;100
11.1;13.50;6.90;71.60;5.60;2;100
16.2;8.40;4.80;90.20;3.60;5;92.81927963
0;6.10;0.70;64.30;3.50;10;29.73794215
0;12.80;-0.50;62.10;3.20;10.35;25.76044773
0;12.60;6.10;59.80;3.00;8;52.14875321
0;18.90;7.40;63.50;4.40;11;25.89249927
0;9.50;3.00;54.80;3.80;10;39.15275549
0;10.20;-1.70;67.80;1.80;12;14.25178733
0;13.00;-3.40;66.40;1.10;12.14;15.92830325
0;10.40;1.40;86.90;1.60;3;100
0;10.80;-3.60;75.30;0.80;13;6.924685693
0;12.90;-1.30;68.00;1.40;10;47.57633034
0;10.10;-0.50;82.80;1.60;11;37.10237672
0;14.80;-2.70;80.60;0.70;12;24.73922166
0;15.50;-0.50;78.00;1.80;12;30.86946318
0;6.60;0.00;94.10;1.40;4;100
0;8.80;0.00;95.30;2.70;2;100
0;10.10;7.80;77.60;3.30;4;100
5.1;10.10;5.10;93.40;3.30;3;100
0;5.30;0.80;64.70;3.00;11;44.01497758
1;2.80;-4.30;80.30;1.90;8;76.79679245
0;4.10;-6.50;61.90;2.50;12;38.53391839
6.8;1.10;-1.90;94.90;3.80;3;100
0;0.20;-7.10;70.40;1.40;12;48.31487104
0;2.70;-5.30;72.80;1.50;12;45.560636
0;2.70;-3.40;84.00;1.90;9;69.46091112
0;5.60;-4.80;70.30;2.60;12.86;41.35937306
0;6.30;-2.40;62.80;4.10;13;39.51853839
0;6.10;-1.80;68.50;3.50;13.08;42.3828842
0.3;11.10;-2.00;62.50;2.90;15;31.13902947
0.8;11.70;7.60;54.90;4.80;13;47.64362471
7.1;9.30;3.80;78.40;5.60;8.47;82.93442879
0.4;6.70;1.60;72.30;4.70;7;92.09207443
0;9.40;-0.30;75.70;3.10;18;13.30289256
0.1;12.80;5.20;69.90;3.20;16;26.48610194
0;16.20;3.30;68.90;2.00;17.86;15.31118465
0;12.30;0.80;70.50;1.50;11;66.24806729
3.4;14.90;0.60;76.30;3.00;12.65;56.80266823
0.3;8.20;1.10;68.60;4.60;13;53.7597281
13;7.80;-0.10;89.60;3.70;4.7;100
0.3;5.60;-0.90;75.40;5.80;14;50.76982943
0;6.50;-2.40;55.40;3.30;19.22;14.58149862
0;8.00;-5.30;49.10;1.30;16;40.87060625
0;12.40;1.80;46.80;1.10;7;98.81619557
0;11.40;5.90;60.30;4.00;12;71.06673784
1.3;8.60;2.80;64.60;7.20;9.4;86.49118259
0;6.90;-3.40;59.00;4.60;15.21;48.26704092
0;8.40;-5.00;55.50;2.00;18;31.3025864
0.9;9.30;3.90;83.70;4.10;3;100
1.5;5.80;-0.40;67.40;5.30;14;60.27180505
0;7.10;-1.00;66.70;5.10;17;41.12522502
0.1;11.30;1.90;60.00;4.00;10;84.68628738
1.3;10.90;1.50;75.80;3.10;6;100
0;6.10;0.90;67.30;2.90;15;56.10205394
0;6.70;-2.40;61.30;2.50;22;12.71972451
0;8.30;-4.20;54.70;1.10;17;45.36842815
0;8.90;-1.50;56.40;2.50;15;58.92942967
0;9.80;0.00;52.70;2.50;20;28.72605602
0;16.50;-1.10;44.90;3.50;21;21.40069931
0;13.30;2.30;58.70;3.80;13;72.18399049
0;14.00;0.00;57.70;3.00;23;12.59801009
0;18.10;4.30;45.40;3.50;17.08;49.84959356
2.8;17.30;8.50;80.40;3.10;12;81.24014671
8.8;13.50;9.40;91.90;2.60;11;88.85020858
5.4;10.10;8.30;94.60;3.80;2;100
0;13.00;6.10;86.20;2.10;11;86.57266955
0;20.10;4.90;69.30;2.70;19;40.45475446
0;16.50;7.10;60.50;3.20;21;30.51835617
0;20.30;3.40;61.70;1.60;22;29.88201251
3.9;19.30;12.40;83.70;2.30;10;93.95126773
17.5;22.40;10.40;73.50;3.20;19;46.26668746
0.4;10.70;2.10;66.90;3.00;17;56.72838696
0.7;10.90;0.80;85.40;1.80;9;100
0;16.00;3.40;64.30;2.40;20;39.48523713
0;15.60;5.50;64.60;2.80;17;57.0436211
0;22.90;6.30;56.40;3.00;21;38.86002858
0;21.00;8.70;59.40;2.20;23;27.29700019
0;20.40;12.20;80.90;2.10;20;44.43955835
5.4;26.90;9.80;72.60;2.60;18;56.18865792
0.6;20.70;12.30;85.00;2.50;17;58.78985007
0;23.60;11.10;70.40;3.50;23;31.14589161
0;26.50;12.80;63.30;3.50;24;27.75615369
0;28.30;11.70;57.70;2.80;16;66.41224002
0;22.50;13.50;79.00;2.10;18;58.45524381
2.2;20.10;11.60;89.80;1.40;15;73.66966081
10.2;16.60;10.20;85.00;2.00;14;79.93857567
1.5;10.30;7.80;92.80;2.30;5;100
2.4;10.80;5.00;81.60;2.00;10;99.71841441
0;13.00;2.80;63.70;2.80;20;47.8063687
0;16.50;0.20;50.80;1.10;28;10.57234522
1;16.40;4.10;61.30;1.00;16;67.52812654
5.1;11.60;8.10;94.20;2.60;7;100
0;14.50;3.50;71.80;3.20;20;50.71379458
1.1;14.40;2.80;70.20;2.80;15;75.05745847
0.8;12.80;4.60;71.90;4.60;21;48.05296478
0;13.50;2.00;60.80;3.50;22;39.10827036
1.4;15.60;4.60;87.10;2.90;14;79.38815563
0;19.30;6.40;57.70;2.90;28;11.98508021
0;19.70;6.10;61.70;2.00;26;20.50794531
0;22.20;6.50;54.90;1.70;25;29.20415881
0;24.30;9.00;53.30;2.70;27;20.0275038
0;25.70;10.70;52.60;2.70;25;30.05084748
0;26.90;9.60;47.60;2.40;19;58.70375379
0;26.10;10.90;49.40;3.10;29;11.46946626
0;23.80;12.30;70.00;2.20;20;54.39223168
0;23.40;10.00;62.40;1.60;28;13.72975751
0;26.60;9.60;56.90;1.80;19;59.75190573
1.3;27.50;11.30;54.00;1.90;23;40.34825424
21.3;24.90;16.20;78.90;1.30;16;75.23660132
4.5;22.60;13.60;78.80;1.80;19;57.83296486
0;18.80;12.80;74.30;2.90;15;77.16256513
0;16.90;7.60;59.60;2.90;23;37.54708025
0;18.90;5.40;62.80;2.00;28;14.95245974
0;17.70;7.70;65.10;2.30;28;15.26039287
0;19.70;11.30;57.90;1.10;23;41.60256717
2.1;15.80;11.30;85.70;1.50;9;100
4.3;20.40;10.70;81.60;2.10;14;81.72351086
6.6;17.40;11.00;84.20;2.10;9;100
2;17.80;9.80;71.50;2.40;19;56.94227888
3.5;15.90;11.10;86.60;2.80;13;87.35489985
0.1;16.60;9.20;66.60;1.50;16.66;69.96737316
0.4;20.90;7.70;74.40;2.70;12.49;89.95713819
3;18.90;13.80;92.00;1.10;9;100
0.5;25.60;14.80;71.60;0.80;18;62.64256174
7.1;31.90;17.10;62.80;4.00;13;85.69303702
0.5;28.00;16.50;69.50;1.90;10.86;97.57531679
0;20.30;12.80;69.30;1.40;15;76.47069938
0;25.30;11.30;62.70;1.70;26.41;22.14263793
4.5;26.70;14.00;70.80;1.90;17;67.63635296
2.5;22.40;13.40;86.70;1.40;14;80.77131726
0;21.90;13.80;72.80;3.00;20.71;49.20253832
0;18.10;13.60;71.10;4.70;11;96.06968697
0;23.70;14.00;64.80;5.30;23;39.60722149
0;24.30;13.80;62.80;4.10;22;39.80754045
0;22.70;11.70;75.20;2.10;22;42.80860818
0;24.00;13.20;55.70;2.30;25;26.92399592
0;24.60;10.80;60.20;1.60;25.9;22.13160218
0;24.00;12.40;63.20;2.40;26;21.64328965
0;22.40;10.20;60.60;2.00;25;27.41770136
0;24.20;8.80;58.50;1.40;24;29.49092288
0;24.30;11.60;73.40;1.20;13;86.43574844
0.4;23.60;14.00;78.20;1.30;12;87.57906747
27.2;23.90;13.30;73.40;1.70;16;70.11843408
19.1;16.80;15.10;96.90;2.90;4;100
0;20.30;13.70;79.20;3.80;13;84.43654584
42.1;16.30;15.10;97.00;4.20;3.94;100
7;25.00;15.90;83.10;3.20;18;57.72367686
0;26.00;14.20;67.00;2.20;26;16.33989137
0;24.60;13.00;75.40;1.30;23;33.70616531
0.1;25.00;15.90;72.00;1.30;19;52.70876764
8.9;24.60;15.20;69.00;1.40;20;43.97266483
4.1;21.90;15.20;81.10;2.30;16;66.78708019
0;24.90;13.80;67.00;2.80;18;55.50220121
0;22.00;14.70;61.40;2.50;21;37.22138314
4.8;21.80;13.00;78.30;1.10;15;68.274998
0.1;24.50;10.60;65.90;1.10;24;22.22831568
9.4;20.30;13.20;80.90;1.60;10;96.81843348
0;19.40;11.30;78.50;1.40;17;58.815609
0;22.80;10.00;72.90;0.70;23;25.50114182
0;25.50;10.90;64.60;0.60;19;44.49170656
1.2;26.10;14.70;71.50;0.60;17;57.22635815
0;24.50;15.20;69.40;2.30;23;20.41515083
0.5;23.00;13.30;84.80;2.00;13.41;75.4654687
0;24.70;13.60;80.60;2.40;16.85;55.73921979
0;27.30;14.20;67.90;2.20;23.04;20.25844924
0;27.90;13.90;66.00;1.50;23;19.80004103
0;29.10;13.20;64.00;1.10;22;26.73177442
0;29.40;13.60;60.30;2.00;23;20.63553144
0;29.50;13.50;62.00;1.40;22;20.30475841
0;29.60;13.90;61.50;0.80;20;30.93402769
0;30.70;16.30;53.60;1.40;19;38.63126784
0;24.60;15.10;79.20;2.20;11;86.13442479
0;26.60;12.20;66.80;1.40;19;34.04801212
0;26.00;11.60;54.30;1.50;23;13.43519137
0;26.40;9.70;59.70;1.70;19;35.89832545
0;27.80;13.30;60.10;2.30;18;38.58603564
0;28.30;13.50;53.30;2.40;21;21.85513112
0;29.40;12.70;56.00;2.10;19;29.01363803
0;30.20;15.90;60.50;1.30;17;45.68454899
0;24.90;18.20;80.90;1.10;10;88.50425499
0;30.10;16.60;62.20;1.40;16;48.71376191
0;30.90;16.50;43.70;2.80;20;21.51434477
0;30.20;17.80;48.90;3.60;19;27.84971931
0;29.80;16.50;62.40;1.70;16;41.83040865
0;28.40;16.00;58.80;3.50;17.89;31.35726526
40.4;18.80;13.00;95.90;2.40;2.21;100
21.2;20.30;11.80;86.10;2.60;10;79.69136426
0;24.30;9.90;74.10;0.00;17.99;27.06939654
0;26.00;12.00;67.80;0.90;19;16.73161231
0;26.90;12.70;70.00;2.00;17;31.10400081
0;20.30;16.30;94.60;0.90;5;100
0.2;19.80;14.80;95.60;0.40;4;100
10.7;24.60;14.20;75.90;0.80;14;48.48598714
1.4;20.40;13.30;80.50;1.30;9;82.83741783
0;19.30;10.90;67.90;2.80;14;50.0174997
0;20.50;14.70;68.70;3.80;11;71.66878699
3.2;17.80;9.80;69.40;4.90;11;65.76819161
0;15.20;9.60;66.30;4.00;9;81.0996992
0;16.20;7.10;77.80;1.70;9;80.78069789
1.8;24.80;10.10;68.40;2.20;14;41.1172817
5.6;15.50;8.70;87.20;2.00;8;88.32096783
0;15.70;6.00;66.20;2.20;14;37.25085646
0;18.10;6.20;70.70;1.40;15;24.2870643
0;22.60;6.60;60.60;1.70;16.75;12.32833897
0;21.00;10.30;62.40;1.70;12;49.54966522
0;15.20;7.50;90.40;0.20;5;100
0;15.20;4.00;68.30;2.40;14;34.48798331
0;13.90;3.20;73.20;1.50;13;37.75703054
0;15.40;1.10;75.40;1.00;14.22;25.08626997
0;16.40;3.00;79.10;1.10;13;37.49365878
0;15.10;4.10;77.60;2.40;10;61.33539952
0;17.60;5.50;76.20;1.40;14;18.95263453
0;19.80;4.00;73.10;1.50;15;14.85367199
0;19.60;4.10;77.60;1.20;14;19.11635853
0;15.70;5.80;80.40;1.20;8;74.22347835
0;17.50;1.50;75.60;0.30;14;9.461174217
0;19.20;2.00;73.30;0.60;13;19.42683799
0.7;16.50;10.50;72.20;3.00;8;66.29504556
2.3;14.70;7.00;75.50;2.00;11;36.24611228
1;12.60;9.30;64.80;5.30;10;45.91958774
0.1;12.80;8.00;80.50;2.80;7.91;67.10905056
0;15.30;9.40;76.70;3.20;4;100
0;16.10;14.10;82.90;3.50;3;100
0;20.50;11.10;80.30;1.70;11;29.83844378
0;21.50;10.30;72.70;2.20;7;69.81054424
0;18.10;12.50;71.90;2.30;6;80.63936784
2.3;20.70;15.40;78.10;4.40;4;100
12.4;17.10;10.60;86.80;3.30;3;100
0.5;12.90;7.20;72.10;4.20;5;92.87350864
0.2;10.80;5.40;88.70;1.80;6;71.91245931
1.3;10.80;7.00;81.20;2.70;8;51.99492164
1.5;9.20;-0.50;90.50;1.70;5;83.30473425
1.7;8.40;0.50;92.30;1.50;5;85.13448934
0;7.50;-1.30;82.90;1.30;9;34.79361859
0;11.10;-1.60;73.80;1.80;10;23.02688686
0;15.20;7.70;63.40;2.00;7;54.01754596
0;17.80;6.20;79.30;1.30;9;20.73260422
0;10.30;2.30;77.30;2.50;4;96.1273063
0;7.50;-3.00;71.60;0.80;10;12.74937213
0;6.00;-2.80;73.30;1.00;6;70.16357413
0;9.20;0.00;74.90;2.60;6;60.76275379
0.9;6.20;-1.60;76.90;3.30;8;26.5767354
9.8;4.30;-1.10;92.30;2.50;2;100
0.1;4.20;-2.70;89.90;1.20;6;59.14241115
0;4.60;-4.60;80.80;1.80;9.78;900
0;5.20;-6.60;77.60;1.00;9;9.954407326
0.9;5.10;0.20;69.60;2.10;3;100
0;4.90;0.60;79.10;0.40;2;100
0;4.50;1.20;94.70;2.90;1.99;100
0;5.50;-1.40;90.50;1.00;5;55.50676648
0;5.40;-1.00;98.80;2.10;1;100
0.1;5.70;-1.30;77.00;3.50;7;26.7944229
0;3.20;-4.10;75.10;3.20;7;24.0966147
0;5.30;-1.60;70.00;4.00;3;96.00694618
2.1;9.00;4.10;85.60;2.00;3;95.2617566
0.3;15.50;6.20;84.80;2.00;3;85.27576783
0;10.30;3.50;90.90;0.90;3;98.58549445
0.2;12.10;3.30;85.00;2.30;5;45.98798547
0;12.40;4.90;73.50;3.00;5;43.09047041
0;11.60;3.10;87.10;1.70;5;45.73046566
0;5.90;-0.80;99.00;2.20;1.67;100
0;6.90;3.30;90.20;2.10;2;100
0;6.00;2.80;92.10;1.00;1;100
3.6;5.40;-0.60;92.90;2.10;2;100
0.6;4.90;-0.30;95.50;2.60;2;100
0;5.70;3.70;92.80;2.50;2;100
0;3.40;-1.80;68.00;3.80;3;76.45393449
0;0.70;-4.80;87.10;3.00;4;61.40425241
0;2.00;-1.80;82.70;4.20;5;32.7123427
0;0.30;-2.00;94.80;2.30;1;100
0;0.40;-0.80;92.00;1.70;1;100
0;-0.80;-1.30;92.30;1.00;0.888;100
0;-0.30;-1.00;92.50;1.90;0.777;100
0;0.90;-0.30;87.80;3.40;1;100
0;1.30;-3.10;94.70;3.10;1;100
0;-0.10;-3.50;92.00;3.70;3;68.64022154
0;-0.40;-1.70;86.00;4.10;1;100
1.2;6.40;-0.50;96.40;2.90;2;100
0.1;8.40;4.60;97.90;1.00;2.31;85.56260019
1;4.90;0.10;98.50;1.70;1;100
0;0.20;-3.30;96.60;1.80;1.72;100
0;3.10;-0.30;92.90;4.00;1;100
0.8;2.90;-0.40;91.60;3.80;1;100
0.2;-0.10;-2.10;80.90;2.30;3;64.05718747
1.8;2.50;-0.50;90.10;3.30;2;100
2.4;6.00;0.30;99.00;2.40;0.946;100
0;5.90;2.10;94.90;2.40;2;85.98716495
0;6.50;0.20;91.20;1.80;2.32;79.27633558
11.9;8.60;2.10;97.20;3.40;0.993;100
4.1;10.10;7.80;92.00;2.90;2;84.52532899
3.6;8.50;5.30;97.90;2.60;2;98.00417671
1.1;4.80;2.80;90.40;4.20;0.923;100
4.4;3.30;-0.30;94.80;3.10;2;84.34511095
0;-0.40;-7.60;76.70;6.00;0.722;100
0;-7.90;-12.30;59.50;6.60;3;45.15296261
0;-9.20;-14.00;56.60;5.80;4;29.67004798
0;-2.50;-9.80;77.10;3.30;4;37.7580285
1.8;-0.30;-7.10;95.00;1.60;2;100
0;-0.30;-4.70;98.90;2.10;2;90.23001314
3.9;0.40;-0.40;98.90;3.50;0.901;100
0;0.10;-1.40;99.00;0.50;1;100
0;0.70;-0.70;99.00;0.70;0.769;100
0.7;5.90;-0.30;98.60;2.00;2;83.24288601
5.8;10.60;6.20;85.70;3.70;4;34.19479706
0.1;11.00;7.40;61.80;5.50;3;62.85493598
3.2;7.20;4.40;88.30;3.20;2;100
0.7;4.80;-0.10;98.30;1.50;2;93.88168322
0.9;3.60;1.60;96.50;2.30;2;99.14776517
0;3.90;-0.50;93.10;1.80;3;43.50946042
0;5.80;-0.70;81.30;2.20;2;77.05636526
0.1;7.90;3.20;86.80;1.50;2;78.25286455
0.9;7.30;2.90;81.30;3.60;2;84.6683735
5.5;9.10;5.60;73.10;4.70;3;62.56593425
1.3;6.80;3.60;70.00;4.20;2;79.51179545
5.4;7.50;3.80;62.90;5.30;3;72.86935159
1.4;5.10;2.80;92.10;3.30;1;100
7.3;8.40;2.30;93.50;3.40;1;100
5.9;8.70;4.60;78.30;4.00;2;86.89775463
17.5;9.80;5.20;97.50;3.00;0.668;100
0;11.70;4.90;93.10;1.80;3;58.81848563
0;8.80;0.90;87.90;1.10;5;22.61833576
0;8.30;0.20;80.00;1.10;4;28.16479031
0;5.10;-1.50;92.30;1.00;3;59.71617183
0;8.00;-1.00;86.20;1.80;4;43.56491755
0;6.80;3.30;75.60;2.90;3;63.02034221
0.9;6.40;3.00;93.60;2.10;1.61;100
0.9;5.80;3.70;79.80;3.30;3;72.11027133
0;5.50;3.00;64.50;3.80;3;68.67075316
0.4;5.10;2.10;86.80;2.80;2;100
5.7;3.00;0.20;96.00;3.20;1;100
0;1.00;-0.30;84.70;4.90;1;100
0;4.00;-0.10;92.60;4.30;2;100
0;0.60;-2.30;85.20;2.70;2;100
2.8;-1.40;-4.00;91.20;2.00;0.92;100
0;-1.10;-10.00;89.10;1.80;2;99.01478871
0;0.00;-12.20;94.40;0.10;3;91.13820449
0;-5.50;-7.80;97.50;1.80;3;93.41992002
0.8;1.10;-6.40;97.60;1.90;2;100
0;0.20;-8.10;93.10;0.90;7;13.83316664
2.8;2.10;-3.50;95.90;3.60;1.59;100
0;-0.40;-11.20;49.40;4.30;7.33;4.000513102
0;-4.00;-13.80;66.60;1.30;8;900
0.4;-4.30;-10.80;63.10;2.80;6;31.97286247
0.2;0.00;-4.30;80.30;4.50;3;94.32880352
0;3.40;-4.10;65.90;3.10;7;18.1493893
0;3.80;-0.70;74.30;2.70;4.27;72.3799158
0.3;4.90;2.40;90.10;2.50;3;100
0.2;6.10;0.40;69.80;2.50;6;38.80640006
1.2;4.30;0.90;86.30;3.20;3;96.82339889
0;9.10;1.60;70.00;3.00;5.72;53.42945931
0;9.50;0.20;59.60;2.70;5.45;59.67356356
0;8.90;5.40;69.70;3.00;5;65.00414466
2.1;12.80;7.90;72.80;4.80;3;99.46202686
6.4;12.00;7.70;92.70;3.40;1;100
0;13.20;9.60;86.20;2.90;4;95.06781035
1.2;12.30;8.40;77.10;3.90;2;100
1.4;12.90;7.40;63.00;4.60;3;100
0.3;7.60;1.20;61.00;4.20;10;4.601021029
0;7.50;0.50;90.50;3.10;3;100
0;10.50;2.10;72.90;3.20;8;39.32920391
0;8.40;2.60;74.70;2.60;4;98.40418334
0;15.30;1.50;70.70;2.80;8;36.38947074
0;12.30;2.60;68.50;1.60;6;64.09145333
0;8.80;-0.30;76.00;2.50;8;51.13169031
1.2;9.80;6.20;87.20;3.30;2;100
0.2;9.00;6.80;97.40;1.90;3;100
0;9.40;7.10;70.70;2.40;3;100
0;9.90;8.40;62.20;4.70;4;100
5.3;8.60;1.50;75.20;4.70;3;100
0.4;4.50;-0.20;74.80;4.20;6;77.0511933
3;6.60;-3.00;86.90;3.00;5;90.54584569
9;11.30;6.00;90.50;4.40;3;100
3.5;18.00;6.80;63.00;5.60;5;92.12851172
2.2;7.30;2.40;75.70;5.00;6;87.65776539
2.6;5.20;-0.60;75.80;2.90;8;67.77791352
19.5;9.30;1.50;96.60;3.50;3;100
3.6;7.30;-0.90;93.50;4.30;3;100
0;2.00;-2.90;61.40;3.90;13;11.72397714
1.1;2.80;-3.20;76.10;1.70;13;17.02961095
0;3.90;-4.40;55.80;3.90;14;6.599528298
0;2.60;-3.70;64.90;3.20;8;66.51889749
0.7;4.60;-1.40;73.30;4.00;10.08;51.81967056
0;6.40;0.50;52.20;5.40;13;27.82377346
0;4.80;-2.00;78.40;0.70;7;83.42434159
4.4;7.30;-1.50;94.20;1.50;6;97.78076207
8.6;8.90;6.90;96.40;2.80;3;100
0.3;11.20;4.50;77.40;3.30;6;95.31698887
0.2;5.80;1.80;61.60;5.00;13;30.41685964
1.5;5.30;-0.50;57.60;5.20;14;24.53494907
0;5.80;-1.90;64.40;4.00;13;32.91368177
0;4.20;-2.90;78.00;1.80;12;49.78423387
0;5.80;-3.20;65.60;4.00;16;18.98075559
0;5.40;-4.00;64.10;2.60;17;4.564281358
0;6.20;-5.20;68.40;1.00;17.05;9.719279479
0;9.30;-2.40;52.00;2.90;17;12.19924244
0.3;9.10;1.90;68.90;2.80;6;100
0;12.60;6.00;78.30;1.10;10;74.63635103
0;16.30;1.60;61.70;2.40;17;19.99064651
0;14.80;4.80;54.30;3.50;12;57.50388989
0;18.70;6.50;63.80;2.00;13;53.97603402
4;15.70;7.40;77.00;2.80;13;53.26688497
9.3;7.30;5.20;99.00;3.40;3;100
0.5;13.80;5.20;88.80;3.30;5;100
3.2;12.70;7.20;80.10;3.00;8;93.41249736
0.6;15.10;7.20;64.00;3.00;13;55.10240144
0;13.50;5.30;71.10;1.50;13;57.35145872
4.8;10.40;3.00;94.20;1.40;4;100
5.5;8.00;3.80;93.40;3.00;5;100
2.3;5.60;2.80;94.50;3.50;4;100
1.9;15.70;3.80;74.60;4.40;17.86;28.09165841
3.4;9.80;4.30;88.70;2.70;6;100
0.6;9.80;0.70;83.20;2.50;10;81.81015662
3.6;8.70;1.10;74.10;2.60;12;70.29663713
0;9.60;-0.90;64.60;1.70;15;49.4460931
0;13.00;1.50;55.60;3.70;14;61.69441236
0.2;11.50;1.10;65.70;3.00;11;77.0521633
0.1;11.50;0.00;76.80;1.80;10;86.50976667
0.6;6.90;4.80;96.90;3.30;3;100
0.2;8.80;1.20;84.20;2.90;10;89.49703536
0;15.10;-0.90;65.00;0.90;19.3;30.19943404
10.9;12.80;3.30;82.90;1.50;8;100
0.1;14.60;4.80;88.10;1.60;13;71.09129289
0;17.10;4.40;81.30;2.70;17;46.66387577
0.1;19.30;7.50;78.20;2.30;15;58.28828287
0;19.40;7.20;66.70;1.80;19.8;32.08793233
1.5;20.80;11.80;73.40;2.00;13.77;68.6365614
0;22.80;12.70;57.40;2.90;18;46.81810877
0;17.80;12.70;73.70;1.80;8;100
0;22.30;10.60;63.30;2.50;18;47.01300598
0;24.10;9.80;57.70;2.80;21;29.10659044
0;21.20;10.00;64.20;2.40;21;27.84387081
13.1;22.40;8.80;68.00;2.00;23;20.64181584
1.1;16.70;10.90;84.70;2.10;19;44.22604899
3.5;10.10;5.60;86.20;3.80;7;100
0.3;12.00;4.80;79.00;3.50;11;86.55979958
0.6;13.10;7.80;83.70;2.60;8;100
0;16.70;11.20;67.70;2.60;11;87.42828496
0;21.90;10.10;66.60;1.70;21;36.57562294
0;26.90;7.40;67.60;1.10;24;20.6422049
0;27.50;11.30;53.20;0.90;25.06;15.16052007
0;26.80;11.30;65.60;1.00;23;26.46774252
0;27.50;12.20;64.70;2.70;23.35;25.73773493
0;19.50;9.10;49.50;4.10;22;31.5971918
0;17.50;4.40;61.90;2.80;27;6.310073699
0;16.90;5.20;58.80;3.10;18;56.3741383
0;18.50;4.30;66.30;3.60;26;13.93207046
0;20.40;8.20;68.30;2.50;19.67;47.90954626
0;22.00;7.40;59.60;1.50;24;25.97971578
0;22.50;8.40;55.20;2.40;26;14.01504303
0;17.80;10.00;58.40;3.10;25;22.72643189
2.1;13.30;6.50;60.10;2.60;19;54.39678248
1;12.30;4.60;75.50;3.00;15;73.30630701
0;13.20;4.50;56.50;2.90;18;59.64798307
1.9;11.30;9.40;84.30;1.70;7;100
0.9;16.30;9.10;77.90;1.70;13.54;81.98896009
2.7;17.40;8.30;77.10;1.30;18.41;57.84734217
0;22.80;9.50;65.10;1.30;22;42.09451745
0;27.30;10.80;55.20;2.10;23.45;33.38284412
0;30.10;13.10;52.90;2.00;14;78.30483639
22.8;27.60;13.70;73.70;1.60;20;48.88345025
2.3;23.90;13.10;84.50;1.10;17;63.85987625
0.5;20.00;13.90;82.50;2.10;16;70.40557385
0;23.00;13.30;67.40;1.90;20;54.09772737
5.7;21.50;14.10;76.90;2.10;17;64.9277271
0;23.40;12.70;63.40;1.60;25;26.42163185
0;25.20;10.80;66.40;2.30;27;19.33090072
16.4;32.50;18.00;61.00;2.50;23;37.23165562
16.2;30.10;17.80;73.10;2.10;22;41.4762157
0;21.10;14.00;68.40;1.80;18;61.45575922
0;25.80;11.10;58.90;1.80;27;16.99753084
3.1;23.80;14.20;79.70;1.80;10;100
0;19.50;13.80;84.10;0.80;13;86.87601894
0;17.90;12.30;80.30;2.10;15;76.00265791
2.4;15.40;7.40;76.30;2.60;14;80.84397655
0;18.00;6.30;61.70;1.50;23;38.11173919
0;19.90;8.90;62.30;1.60;26;25.15573325
0.4;18.90;10.90;75.90;2.30;17;66.79242685
0;19.10;10.90;56.10;3.40;26.59;22.37297073
0.1;16.90;7.70;77.10;1.60;18;64.63740651
0;21.10;6.90;73.50;2.10;21;47.31577434
0;22.30;13.90;72.30;2.20;19;58.82754827
0;26.20;10.30;66.10;0.80;23;41.93473206
12.8;24.10;14.80;78.40;2.80;17.68;65.17937201
3.1;18.30;12.20;80.40;2.50;14;83.20729397
3.7;17.00;11.80;93.60;1.00;8.78;100
0;21.90;8.80;73.00;0.70;20;56.02651583
0.4;22.40;14.80;76.50;2.00;15;75.99681227
0;21;13;74;2;0;100
0;20.80;12.70;62.40;2.50;22;44.0335347
0;21.00;11.80;66.20;1.70;19;56.62038844
6.5;19.90;12.80;88.40;1.20;11.3;95.45129647
3.4;18.50;11.20;85.60;1.60;16;72.52619151
0;20.50;10.10;69.10;2.50;21;49.80552952
0;17.70;9.50;67.50;2.70;17;66.97201269
4.3;14.40;12.40;92.60;3.40;5;100
7.8;16.00;12.60;96.30;2.90;7;100
2.1;17.90;11.50;67.00;3.50;15;78.59525112
0.2;15.60;9.90;67.90;2.40;17;67.88235758
0.2;16.10;8.10;76.20;1.70;16;72.75309198
1.8;17.30;9.40;87.00;2.30;11;97.03045072
1;17.70;9.10;71.10;2.80;15;77.06133038
2.6;20.30;7.30;85.10;1.80;13;85.00434528
0.8;18.80;9.90;76.90;2.40;16;70.09454394
7.7;20.60;14.10;92.30;2.40;10;100
0.1;20.00;12.20;62.50;3.20;23;36.59434318
0;20.10;12.60;58.80;2.20;18;58.45928172
0;18.80;11.20;71.00;1.60;18;60.8566101
0.1;21.30;10.00;69.60;1.20;19;52.7169943
5.5;22.90;12.80;72.80;2.10;21.33;42.26929634
0;22.60;11.10;62.40;2.10;26;20.65261322
0;31.00;9.80;50.30;1.50;26;19.35439187
6.9;36.60;18.70;56.30;2.00;20;45.47876823
0.5;26.50;17.90;68.00;1.30;22;36.50386645
3.1;29.30;16.00;65.00;1.70;22;38.47915046
0;23.20;15.70;65.90;2.30;20.3;44.89585349
0;21.00;11.80;60.10;1.20;18.45;54.03236196
0;23.50;9.60;51.80;1.30;21;38.27769208
3.1;27.20;14.00;62.00;2.10;12;86.90868355
1.5;22.60;13.00;74.90;2.50;18;52.68713936
5.7;21.50;12.80;79.60;1.60;15;71.28337794
2.7;24.40;13.30;75.20;2.40;17.06;59.00121339
0.1;23.30;11.00;59.20;2.30;22;31.80026781
0;24.90;10.10;61.10;1.10;21;34.99883071
0.2;23.40;15.60;70.70;2.90;15;69.3729946
1.1;21.40;14.00;77.30;1.70;14;73.23544601
0.1;21.80;12.80;84.20;2.20;12;83.00931749
0;19.70;10.70;67.60;2.70;16;59.29281486
0;21.70;11.30;60.30;1.90;18;51.55439088
0;22.70;16.40;69.20;1.70;12;81.86931501
0;29.10;12.70;64.10;1.30;19;41.36397582
0;23.20;11.70;56.70;3.30;24;12.54340307
0;26.20;6.90;53.00;1.20;25;8.304904354
0;27.40;10.60;50.30;3.50;20;37.85308392
1;27.90;10.90;59.40;2.80;17;49.0474335
0;22.20;13.80;61.90;2.20;13;72.55724713
0.9;20.30;11.30;73.70;1.50;12;78.63962247
0;27.20;12.40;61.50;1.00;19;39.61351994
0;23.90;12.40;69.80;1.90;16;52.63231859
0;25.80;8.80;60.60;0.80;20;31.21713016
0;25.60;13.10;59.90;2.10;18.59;37.26281531
0;20.90;9.20;61.70;2.40;22;18.43234339
0;27.10;6.70;52.50;1.30;22;16.85438583
8.9;20.00;13.20;79.10;2.50;7;100
1.6;19.70;11.40;78.00;3.00;14;61.39962024
0.1;17.10;10.70;69.30;2.80;11;80.30144668
11.7;18.10;11.40;84.70;3.90;8;100
2.1;17.20;10.60;78.20;3.30;15;55.21169631
0.2;16.20;10.60;75.50;2.30;14;61.51179933
3.3;15.00;8.70;83.20;2.40;12;69.72501394
6.5;15.10;8.40;89.80;2.50;8;97.83433474
9.8;17.30;11.20;90.90;2.70;12.2;68.29413999
3.8;17.10;11.30;89.10;2.10;14;56.56405759
8.9;15.20;8.10;93.60;1.20;9;85.62372345
0;18.50;6.10;83.40;0.90;13;58.70808214
0;18.50;9.90;73.40;3.40;14;52.27114443
0;20.90;7.60;73.40;4.30;18;21.47803754
0;20.10;9.60;79.30;2.80;12;66.99088291
0;22.80;12.00;70.70;3.10;13;54.84187266
0.9;16.80;14.30;95.90;1.80;4;100
0;20.80;14.20;84.90;1.90;11;65.58196057
1.2;22.50;11.30;82.80;2.10;13;49.7154731
0;24.20;13.70;69.70;2.90;14;46.47685255
4.6;23.00;15.40;79.50;2.90;13;51.01829641
0;20.20;15.40;82.50;2.20;9;83.30604786
23.8;14.80;13.10;99.00;2.30;2;100
0.8;13.50;9.40;89.70;1.80;5;100
0.4;12.50;5.50;81.40;2.50;10;69.69498141
5.2;12.80;8.30;88.10;2.60;8;85.0337101
2.2;14.90;9.80;89.70;2.50;8;84.84637272
0;14.10;9.20;86.00;1.80;7;94.39594366
0;16.10;6.10;87.60;1.60;12;50.80338533
0;15.90;9.50;81.30;0.50;8;77.3636227
0;18.10;7.20;76.80;0.90;15;20.22691958
0;15.30;7.80;91.00;1.30;9;68.53376003
0;16.00;9.00;90.30;1.80;9.76;63.07299792
0;13.10;9.80;85.40;0.70;4;100
0;15.90;7.20;85.70;2.00;8;77.88089555
0;19.00;5.20;87.30;1.00;12;38.10285465
0;19.60;6.10;85.40;0.50;11.84;38.37698516
0;19.40;10.00;88.20;0.70;8;70.37773138
1;20.20;9.90;88.70;0.70;11;41.71471337
0;16.90;12.20;86.90;1.70;5;96.53487781
0;12.60;9.70;79.90;3.90;4.77;100
0;9.30;3.80;67.50;5.40;3;100
4;5.20;1.30;75.40;5.50;3;100
11.7;4.00;0.20;98.10;2.70;2;100
0;7.40;3.30;91.40;3.10;5;98.76346981
0;7.20;3.50;90.60;3.40;3;100
0;9.80;1.60;77.40;4.70;9;46.41245154
0;9.80;6.40;87.10;5.10;2;100
2.7;12.50;7.00;93.50;2.70;6;86.77044353
0;11.70;8.10;87.50;0.90;3;100
5.1;11.80;9.50;91.80;3.30;3;100
0.9;10.90;9.50;87.20;3.50;4;100
4.8;11.40;5.90;87.40;2.20;7;71.08716358
0;12.10;5.80;82.50;2.60;7;58.14261393
3.4;13.80;6.30;94.40;3.10;3;100
0;13.80;7.50;73.00;2.40;8.46;41.91210947
0;12.30;5.30;76.70;1.90;9;35.05361945
1.4;19.90;9.70;71.30;3.80;8;39.56328939
0.1;11.00;3.40;70.90;3.10;7;59.99541236
0;10.90;-0.50;77.50;1.40;10;18.67704296
0;8.30;2.00;84.60;1.80;5;84.77247133
3.1;12.20;1.00;79.40;2.50;5;76.28370313
0;15.40;10.10;77.10;2.60;4;92.90582293
1;18.60;10.50;68.30;3.50;7;40.3008976
3.4;13.10;8.80;98.10;2.20;2;100
13.6;12.80;7.70;84.20;4.70;3;100
0;9.60;5.10;73.30;2.60;5;76.80096049
6.2;10.90;5.30;84.50;4.30;5;70.95649559
25.6;12.40;7.80;84.40;4.60;1;100
3.2;9.70;7.30;74.00;4.70;3;95.25133256
3.4;7.70;4.80;81.50;4.10;3;100
1.2;7.50;4.40;82.80;4.10;4;87.56576016
16.7;4.90;2.80;97.80;4.20;1;100
1;6.90;1.60;92.90;2.30;3;100
5;8.60;1.90;93.00;2.70;2.84;98.88183507
0.4;10.10;4.50;76.90;3.60;5.63;46.79148817
1;6.50;0.40;80.20;3.50;3.82;78.68137428
5.4;8.40;3.80;75.80;4.90;2;100
0;6.70;0.70;87.90;1.50;4;63.92044982
0;5.20;0.80;95.80;0.80;4;69.80283414
5.1;3.90;-0.60;98.60;3.40;2;100
0.3;9.40;3.80;99.00;0.50;2;100
4.8;7.60;2.40;90.70;3.10;4;62.76552423
0.1;6.10;1.90;93.70;2.10;2;100
0;4.30;-0.60;92.60;2.10;3;76.94840503
0.4;4.60;1.30;94.80;2.80;2;100
1.7;1.80;0.10;98.40;2.60;1;100
0;2.30;0.30;96.20;2.50;1;100
0.7;1.60;-0.20;94.90;3.90;2;100
0;-0.10;-2.00;84.90;3.10;3;76.31326621
0.3;0.00;-3.50;94.90;2.50;2;91.92903796
0.4;0.20;-3.50;96.60;3.30;3;65.35143478
0;-4.00;-9.10;96.60;1.50;5;18.8520468
0;-6.10;-9.60;85.00;3.70;3;65.74770666
0;-5.10;-9.20;87.30;3.50;2;99.96780831
0;-3.00;-8.00;90.20;0.70;4;51.89580233
0;-3.80;-8.60;97.90;1.20;1.3;100
0;-1.10;-4.00;98.90;1.20;1.04;100
0;0.90;-2.20;98.40;1.50;2;100
0;1.60;-0.30;98.90;0.60;1;100
0;0.20;-0.80;94.40;3.20;1;100
0;-0.10;-3.40;91.10;3.90;1;100
0;-2.80;-8.50;79.00;4.00;3;74.79639554
0;-5.50;-8.00;85.80;3.90;1;100
0;-4.90;-7.70;94.20;2.50;2;97.63156518
0.2;-1.90;-4.90;98.30;2.10;1;100
1.4;0.00;-2.20;93.60;3.00;1;100
0.3;-0.30;-2.30;93.10;4.30;2;99.26326563
0.9;-2.30;-2.80;90.40;4.40;1.93;92.09328002
0;-2.20;-4.30;86.80;3.40;2;90.64594406
0;-3.30;-13.50;90.80;0.60;5;900
0;-5.40;-15.80;97.30;0.80;3;67.53907934
0;-9.00;-14.80;96.00;2.80;4;11.29504569
0;1.70;-17.10;96.80;1.40;1;100
11.7;7.50;2.10;93.10;5.30;1;100
2;6.20;4.70;94.30;3.20;1;100
1.5;9.80;6.70;99.10;2.70;1;100
7.4;8.20;5.00;91.10;3.70;2;99.01469059
0;8.00;2.50;80.00;2.50;4;32.26869325
0.2;7.80;0.60;69.00;2.10;4;37.85328335
3.6;7.60;2.80;90.10;4.00;2;83.17484028
2.1;4.30;-1.10;86.40;3.40;2.3;76.8382279
0;-0.30;-2.90;94.10;1.80;1.17;100
0.2;-0.80;-2.70;98.90;1.30;1;100
0;0.20;-2.50;98.90;2.20;1.12;100
0;1.60;-2.40;84.20;3.40;2;96.63864466
0.3;3.70;-0.10;86.20;4.30;2;95.2080646
1;8.60;3.00;70.70;4.80;3;49.73124812
4.3;10.40;5.70;80.60;4.60;2;92.45464761
0;12.50;6.40;59.00;3.50;3;52.86134605
0;6.80;-1.40;91.60;1.30;3;52.82538163
0;2.00;-0.40;97.60;3.60;3;70.61782541
0;2.10;-3.30;93.60;3.00;4;42.13165144
