"Year"	"Month"	"Day"	"Rainfall"	"Temperature"	"Radiation"	"Stage"	"StageIndex"	"Transpiration"	"Evaporation"	"Wateruptake"	"Root biomass"	"Shoot biomass"	"PotentialGrowth"	"ActualGrowht"	"LAI"	"RootingDepth"	"Stress"
"1999"	"1"	"1"	"0.1"	"-1.35"	"2.12"	""	""	"0"	"0"	"0"	"0"	"0"	"0"	"0"	"0"	"0"
"1999"	"1"	"2"	"0.0"	"0.05"	"1.82"	""	""	"0"	"0"	"0"	"0"	"0"	"0"	"0"	"0"	"0"
"1999"	"1"	"3"	"0.0"	"4.3"	"3.54"	""	""	"0"	"0"	"0"	"0"	"0"	"0"	"0"	"0"	"0"
"1999"	"1"	"4"	"0.0"	"9.0"	"4.22"	""	""	"0"	"0"	"0"	"0"	"0"	"0"	"0"	"0"	"0"
"1999"	"1"	"5"	"0.2"	"12.3"	"1.87"	""	""	"0"	"0"	"0"	"0"	"0"	"0"	"0"	"0"	"0"
"1999"	"1"	"6"	"0.1"	"6.3"	"2.83"	""	""	"0"	"0"	"0"	"0"	"0"	"0"	"0"	"0"	"0"
"1999"	"1"	"7"	"0.0"	"7.1"	"1.9"	""	""	"0"	"0"	"0"	"0"	"0"	"0"	"0"	"0"	"0"
"1999"	"1"	"8"	"0.0"	"5.35"	"1.92"	""	""	"0"	"0"	"0"	"0"	"0"	"0"	"0"	"0"	"0"
"1999"	"1"	"9"	"0.0"	"3.15"	"1.95"	""	""	"0"	"0"	"0"	"0"	"0"	"0"	"0"	"0"	"0"
"1999"	"1"	"10"	"0.2"	"1.05"	"2.21"	""	""	"0"	"0"	"0"	"0"	"0"	"0"	"0"	"0"	"0"
"1999"	"1"	"11"	"0.0"	"-0.9"	"2.14"	""	""	"0"	"0"	"0"	"0"	"0"	"0"	"0"	"0"	"0"
"1999"	"1"	"12"	"0.0"	"-1.45"	"2.46"	""	""	"0"	"0"	"0"	"0"	"0"	"0"	"0"	"0"	"0"
"1999"	"1"	"13"	"0.0"	"-0.1"	"2.05"	""	""	"0"	"0"	"0"	"0"	"0"	"0"	"0"	"0"	"0"
"1999"	"1"	"14"	"0.0"	"3.4"	"2.07"	""	""	"0"	"0"	"0"	"0"	"0"	"0"	"0"	"0"	"0"
"1999"	"1"	"15"	"0.2"	"4.9"	"2.1"	""	""	"0"	"0"	"0"	"0"	"0"	"0"	"0"	"0"	"0"
"1999"	"1"	"16"	"0.0"	"8.1"	"2.8"	""	""	"0"	"0"	"0"	"0"	"0"	"0"	"0"	"0"	"0"
"1999"	"1"	"17"	"0.4"	"8.6"	"6.15"	""	""	"0"	"0"	"0"	"0"	"0"	"0"	"0"	"0"	"0"
"1999"	"1"	"18"	"2.7"	"5.65"	"4.13"	""	""	"0"	"0"	"0"	"0"	"0"	"0"	"0"	"0"	"0"
"1999"	"1"	"19"	"4.5"	"4.35"	"4.07"	""	""	"0"	"0"	"0"	"0"	"0"	"0"	"0"	"0"	"0"
"1999"	"1"	"20"	"0.0"	"4.6"	"2.47"	""	""	"0"	"0"	"0"	"0"	"0"	"0"	"0"	"0"	"0"
"1999"	"1"	"21"	"0.0"	"1.75"	"5.37"	""	""	"0"	"0"	"0"	"0"	"0"	"0"	"0"	"0"	"0"
"1999"	"1"	"22"	"2.7"	"3.65"	"2.33"	""	""	"0"	"0"	"0"	"0"	"0"	"0"	"0"	"0"	"0"
"1999"	"1"	"23"	"2.2"	"2.5"	"2.37"	""	""	"0"	"0"	"0"	"0"	"0"	"0"	"0"	"0"	"0"
"1999"	"1"	"24"	"1.7"	"1.75"	"2.46"	""	""	"0"	"0"	"0"	"0"	"0"	"0"	"0"	"0"	"0"
"1999"	"1"	"25"	"12.5"	"7.85"	"2.5"	""	""	"0"	"0"	"0"	"0"	"0"	"0"	"0"	"0"	"0"
"1999"	"1"	"26"	"10.2"	"7.05"	"2.49"	""	""	"0"	"0"	"0"	"0"	"0"	"0"	"0"	"0"	"0"
"1999"	"1"	"27"	"4.5"	"3.5"	"4.83"	""	""	"0"	"0"	"0"	"0"	"0"	"0"	"0"	"0"	"0"
"1999"	"1"	"28"	"0.0"	"2.4"	"7.17"	""	""	"0"	"0"	"0"	"0"	"0"	"0"	"0"	"0"	"0"
"1999"	"1"	"29"	"0.0"	"-0.8"	"6.03"	""	""	"0"	"0"	"0"	"0"	"0"	"0"	"0"	"0"	"0"
"1999"	"1"	"30"	"0.0"	"-2.6"	"2.66"	""	""	"0"	"0"	"0"	"0"	"0"	"0"	"0"	"0"	"0"
"1999"	"1"	"31"	"0.0"	"-2.35"	"4.27"	""	""	"0"	"0"	"0"	"0"	"0"	"0"	"0"	"0"	"0"
"1999"	"2"	"1"	"0.0"	"-1.4"	"2.76"	""	""	"0"	"0"	"0"	"0"	"0"	"0"	"0"	"0"	"0"
"1999"	"2"	"2"	"0.0"	"2.55"	"2.8"	""	""	"0"	"0"	"0"	"0"	"0"	"0"	"0"	"0"	"0"
"1999"	"2"	"3"	"0.0"	"3.8"	"4.22"	""	""	"0"	"0"	"0"	"0"	"0"	"0"	"0"	"0"	"0"
"1999"	"2"	"4"	"0.8"	"6.8"	"4.42"	""	""	"0"	"0"	"0"	"0"	"0"	"0"	"0"	"0"	"0"
"1999"	"2"	"5"	"0.0"	"5.15"	"3.34"	""	""	"0"	"0"	"0"	"0"	"0"	"0"	"0"	"0"	"0"
"1999"	"2"	"6"	"2.0"	"2.75"	"6.68"	""	""	"0"	"0"	"0"	"0"	"0"	"0"	"0"	"0"	"0"
"1999"	"2"	"7"	"2.1"	"0.95"	"5.8"	""	""	"0"	"0"	"0"	"0"	"0"	"0"	"0"	"0"	"0"
"1999"	"2"	"8"	"11.3"	"-0.15"	"3.38"	""	""	"0"	"0"	"0"	"0"	"0"	"0"	"0"	"0"	"0"
"1999"	"2"	"9"	"1.9"	"-2.85"	"4.24"	""	""	"0"	"0"	"0"	"0"	"0"	"0"	"0"	"0"	"0"
"1999"	"2"	"10"	"3.7"	"-2.95"	"8.97"	""	""	"0"	"0"	"0"	"0"	"0"	"0"	"0"	"0"	"0"
"1999"	"2"	"11"	"17.8"	"-2.05"	"3.28"	""	""	"0"	"0"	"0"	"0"	"0"	"0"	"0"	"0"	"0"
"1999"	"2"	"12"	"8.4"	"-4.5"	"8.04"	""	""	"0"	"0"	"0"	"0"	"0"	"0"	"0"	"0"	"0"
"1999"	"2"	"13"	"0.0"	"-4.85"	"3.54"	""	""	"0"	"0"	"0"	"0"	"0"	"0"	"0"	"0"	"0"
"1999"	"2"	"14"	"0.0"	"-0.9"	"4.94"	""	""	"0"	"0"	"0"	"0"	"0"	"0"	"0"	"0"	"0"
"1999"	"2"	"15"	"0.0"	"-1.2"	"7.02"	""	""	"0"	"0"	"0"	"0"	"0"	"0"	"0"	"0"	"0"
"1999"	"2"	"16"	"0.0"	"2.9"	"4.31"	""	""	"0"	"0"	"0"	"0"	"0"	"0"	"0"	"0"	"0"
"1999"	"2"	"17"	"0.0"	"0.75"	"3.65"	""	""	"0"	"0"	"0"	"0"	"0"	"0"	"0"	"0"	"0"
"1999"	"2"	"18"	"9.4"	"0.25"	"4.67"	""	""	"0"	"0"	"0"	"0"	"0"	"0"	"0"	"0"	"0"
"1999"	"2"	"19"	"5.5"	"4.85"	"3.77"	""	""	"0"	"0"	"0"	"0"	"0"	"0"	"0"	"0"	"0"
"1999"	"2"	"20"	"0.0"	"6.2"	"4.52"	""	""	"0"	"0"	"0"	"0"	"0"	"0"	"0"	"0"	"0"
"1999"	"2"	"21"	"7.1"	"4.4"	"5.59"	""	""	"0"	"0"	"0"	"0"	"0"	"0"	"0"	"0"	"0"
"1999"	"2"	"22"	"6.3"	"2.1"	"7.76"	""	""	"0"	"0"	"0"	"0"	"0"	"0"	"0"	"0"	"0"
"1999"	"2"	"23"	"2.8"	"2.35"	"6.3"	""	""	"0"	"0"	"0"	"0"	"0"	"0"	"0"	"0"	"0"
"1999"	"2"	"24"	"7.4"	"2.2"	"8.05"	""	""	"0"	"0"	"0"	"0"	"0"	"0"	"0"	"0"	"0"
"1999"	"2"	"25"	"12.1"	"-0.05"	"7.84"	""	""	"0"	"0"	"0"	"0"	"0"	"0"	"0"	"0"	"0"
"1999"	"2"	"26"	"1.4"	"6.6"	"7.47"	""	""	"0"	"0"	"0"	"0"	"0"	"0"	"0"	"0"	"0"
"1999"	"2"	"27"	"0.3"	"4.65"	"4.31"	""	""	"0"	"0"	"0"	"0"	"0"	"0"	"0"	"0"	"0"
"1999"	"2"	"28"	"0.0"	"7.75"	"4.38"	""	""	"0"	"0"	"0"	"0"	"0"	"0"	"0"	"0"	"0"
"1999"	"3"	"1"	"0.0"	"6.85"	"6.2"	"Emergence"	"0"	"0.298686872587"	"2.40301050147"	"0.0"	"0.0"	"0.0"	"0.0"	"0.0"	"0.1"	"1.0"
"1999"	"3"	"2"	"0.0"	"10.7"	"5.53"	"Emergence"	"0"	"0.189103381881"	"1.44010839025"	"0.0"	"0.0"	"0.0"	"0.0"	"0.0"	"0.1"	"1.0"
"1999"	"3"	"3"	"0.0"	"10.45"	"4.94"	"Emergence"	"0"	"0.228274145725"	"1.83652252488"	"0.0"	"0.0"	"0.0"	"0.0"	"0.0"	"0.1"	"1.0"
"1999"	"3"	"4"	"0.0"	"7.65"	"6.56"	"Emergence"	"0"	"0.197659478423"	"1.47520876471"	"0.0"	"0.0"	"0.0"	"0.0"	"0.0"	"0.1"	"1.0"
"1999"	"3"	"5"	"1.8"	"6.35"	"6.56"	"Emergence"	"0"	"0.173256940572"	"1.31943052157"	"0.0"	"0.0"	"0.0"	"0.0"	"0.0"	"0.1"	"1.0"
"1999"	"3"	"6"	"0.6"	"5.25"	"6.74"	"Emergence"	"0"	"0.158144023699"	"1.2043387756"	"0.0"	"0.0"	"0.0"	"0.0"	"0.0"	"0.1"	"1.0"
"1999"	"3"	"7"	"0.0"	"1.85"	"4.89"	"Emergence"	"0"	"0.103415764994"	"0.771831657888"	"0.0"	"0.0"	"0.0"	"0.0"	"0.0"	"0.1"	"1.0"
"1999"	"3"	"8"	"0.0"	"4.55"	"4.97"	"Emergence"	"0"	"0.127504946444"	"0.971008246102"	"0.0"	"0.0"	"0.0"	"0.0"	"0.0"	"0.1"	"1.0"
"1999"	"3"	"9"	"0.0"	"5.3"	"9.8"	"Emergence"	"0"	"0.187475514545"	"1.3793719357"	"0.0"	"0.0"	"0.0"	"0.0"	"0.0"	"0.1"	"1.0"
"1999"	"3"	"10"	"0.0"	"5.05"	"14.18"	"Emergence"	"0"	"0.223859314955"	"1.59860999052"	"0.0"	"0.0"	"0.0"	"0.0"	"0.0"	"0.1"	"1.0"
"1999"	"3"	"11"	"0.0"	"3.4"	"12.88"	"Emergence"	"0"	"0.250161069357"	"1.53070236987"	"0.0"	"0.0"	"0.0"	"0.0"	"0.0"	"0.1"	"1.0"
"1999"	"3"	"12"	"3.9"	"5.6"	"8.13"	"Emergence"	"0"	"0.207692421617"	"1.01095858035"	"0.0"	"0.0"	"0.0"	"0.0"	"0.0"	"0.1"	"1.0"
"1999"	"3"	"13"	"5.1"	"9.75"	"14.1"	"Emergence"	"0"	"0.261811416208"	"1.86979475762"	"0.0"	"0.0"	"0.0"	"0.0"	"0.0"	"0.1"	"1.0"
"1999"	"3"	"14"	"0.9"	"11.55"	"13.69"	"Emergence"	"0"	"0.250519199661"	"1.84322285609"	"0.0"	"0.0"	"0.0"	"0.0"	"0.0"	"0.1"	"1.0"
"1999"	"3"	"15"	"0.0"	"7.05"	"14.12"	"Emergence"	"0"	"0.254895168353"	"1.85041135433"	"0.0"	"0.0"	"0.0"	"0.0"	"0.0"	"0.1"	"1.0"
"1999"	"3"	"16"	"1.3"	"4.1"	"13.6"	"Emergence"	"0"	"0.254598248248"	"1.87323490944"	"0.0"	"0.0"	"0.0"	"0.0"	"0.0"	"0.1"	"1.0"
"1999"	"3"	"17"	"5.9"	"4.2"	"8.64"	"Emergence"	"0"	"0.197160928757"	"1.40807637932"	"0.0"	"0.0"	"0.0"	"0.0"	"0.0"	"0.1"	"1.0"
"1999"	"3"	"18"	"2.6"	"3.75"	"7.87"	"Emergence"	"0"	"0.175826614404"	"1.24211698794"	"0.0"	"0.0"	"0.0"	"0.0"	"0.0"	"0.1"	"1.0"
"1999"	"3"	"19"	"6.7"	"6.15"	"5.81"	"Emergence"	"0"	"0.156930666786"	"1.21421145368"	"0.0"	"0.0"	"0.0"	"0.0"	"0.0"	"0.1"	"1.0"
"1999"	"3"	"20"	"1.3"	"5.85"	"6.58"	"Emergence"	"0"	"0.160783017081"	"1.22443591228"	"0.0"	"0.0"	"0.0"	"0.0"	"0.0"	"0.1"	"1.0"
"1999"	"3"	"21"	"0.9"	"5.6"	"5.97"	"Emergence"	"0"	"0.106115187886"	"0.808115491577"	"0.0"	"0.0"	"0.0"	"0.0"	"0.0"	"0.1"	"1.0"
"1999"	"3"	"22"	"0.0"	"6.8"	"9.75"	"Emergence"	"0"	"0.279257507545"	"2.16068453114"	"0.0"	"0.0"	"0.0"	"0.0"	"0.0"	"0.1"	"1.0"
"1999"	"3"	"23"	"0.0"	"4.6"	"13.69"	"Emergence"	"0"	"0.33119931472"	"2.4718679612"	"0.0"	"0.0"	"0.0"	"0.0"	"0.0"	"0.1"	"1.0"
"1999"	"3"	"24"	"0.0"	"10.75"	"7.73"	"Emergence"	"0"	"0.264901108875"	"1.92304947483"	"0.0"	"0.0"	"0.0"	"0.0"	"0.0"	"0.1"	"1.0"
"1999"	"3"	"25"	"0.0"	"8.9"	"6.28"	"Emergence"	"0"	"0.212931013578"	"1.54577259255"	"0.0"	"0.0"	"0.0"	"0.0"	"0.0"	"0.1"	"1.0"
"1999"	"3"	"26"	"0.0"	"11.75"	"6.36"	"Emergence"	"0"	"0.164704097772"	"1.1115668417"	"0.0"	"0.0"	"0.0"	"0.0"	"0.0"	"0.1"	"1.0"
"1999"	"3"	"27"	"0.0"	"9.45"	"14.32"	"Leaf development"	"1"	"0.336568761349"	"1.95845873548"	"0.0"	"0.0"	"0.0"	"2.52672854102"	"0.0"	"0.1"	"1.0"
"1999"	"3"	"28"	"0.0"	"5.25"	"12.26"	"Leaf development"	"1"	"0.276018208055"	"1.00235466055"	"0.0"	"0.0"	"0.0"	"2.16324664197"	"0.0"	"0.1"	"1.0"
"1999"	"3"	"29"	"0.0"	"8.4"	"15.21"	"Leaf development"	"1"	"0.386977238263"	"1.0520913252"	"0.0"	"0.0"	"0.0"	"2.68376683722"	"0.0"	"0.1"	"1.0"
"1999"	"3"	"30"	"0.0"	"7.9"	"17.99"	"Leaf development"	"1"	"0.593838239391"	"1.12883574041"	"0.0"	"0.0"	"0.0"	"3.17429095342"	"0.0"	"0.1"	"1.0"
"1999"	"3"	"31"	"0.0"	"9.1"	"18.99"	"Leaf development"	"1"	"0.592389363111"	"0.667350241317"	"0.0"	"0.0"	"0.0"	"3.35073847724"	"0.0"	"0.1"	"1.0"
"1999"	"4"	"1"	"0.0"	"11.25"	"16.36"	"Leaf development"	"1"	"0.565443802498"	"0.430226691432"	"0.0"	"0.0"	"0.0"	"2.88668148961"	"0.0"	"0.1"	"1.0"
"1999"	"4"	"2"	"0.0"	"11.4"	"7.98"	"Tillering"	"2"	"0.419642645357"	"0.206223968289"	"0.0"	"0.0"	"0.0"	"1.40805124004"	"0.0"	"0.1"	"1.0"
"1999"	"4"	"3"	"0.0"	"9.95"	"12.29"	"Tillering"	"2"	"0.570137386515"	"0.209565635536"	"0.0"	"0.0"	"0.0"	"2.16854006768"	"0.0"	"0.1"	"1.0"
"1999"	"4"	"4"	"0.0"	"12.95"	"10.87"	"Tillering"	"2"	"0.664534136092"	"0.183390689709"	"0.0"	"0.0"	"0.0"	"1.91798458386"	"0.0"	"0.1"	"1.0"
"1999"	"4"	"5"	"0.0"	"12.75"	"9.43"	"Tillering"	"2"	"0.565101363296"	"0.109436990938"	"0.0"	"0.0"	"0.0"	"1.66390014957"	"0.0"	"0.1"	"1.0"
"1999"	"4"	"6"	"0.0"	"15.6"	"8.09"	"Tillering"	"2"	"0.64042943833"	"0.0913158476739"	"0.0"	"0.0"	"0.0"	"1.42746046766"	"0.0"	"0.1"	"1.0"
"1999"	"4"	"7"	"0.0"	"10.0"	"20.37"	"Tillering"	"2"	"1.20055566118"	"0.135134345479"	"0.0"	"0.0"	"0.0"	"3.5942360601"	"0.0"	"0.1"	"1.0"
"1999"	"4"	"8"	"0.0"	"8.85"	"16.5"	"Tillering"	"2"	"1.12017543549"	"0.079974781013"	"0.0"	"0.0"	"0.0"	"2.91138414294"	"0.0"	"0.1"	"1.0"
"1999"	"4"	"9"	"0.0"	"10.6"	"9.67"	"Tillering"	"2"	"0.842388034183"	"0.0397410088371"	"0.0"	"0.0"	"0.0"	"1.70624755529"	"0.0"	"0.1"	"1.0"
"1999"	"4"	"10"	"0.0"	"10.85"	"7.61"	"Tillering"	"2"	"0.614465190829"	"0.0216688589944"	"0.0"	"0.0"	"0.0"	"1.34276565623"	"0.0"	"0.1"	"1.0"
"1999"	"4"	"11"	"0.0"	"11.15"	"12.56"	"Tillering"	"2"	"0.896881837185"	"0.029571958377"	"0.0"	"0.0"	"0.0"	"2.21618089911"	"0.0"	"0.1"	"1.0"
"1999"	"4"	"12"	"2.4"	"7.4"	"9.13"	"Tillering"	"2"	"0.619330187965"	"0.0152616027331"	"0.0"	"0.0"	"0.0"	"1.61096589243"	"0.0"	"0.1"	"1.0"
"1999"	"4"	"13"	"1.2"	"7.05"	"7.72"	"Tillering"	"2"	"0.682302603786"	"0.575258099596"	"0.0"	"0.0"	"0.0"	"1.36217488385"	"0.0"	"0.1"	"1.0"
"1999"	"4"	"14"	"1.3"	"3.55"	"8.94"	"Tillering"	"2"	"0.777295771594"	"0.878473782837"	"0.0"	"0.0"	"0.0"	"1.5774408629"	"0.0"	"0.1"	"1.0"
"1999"	"4"	"15"	"10.6"	"3.6"	"12.36"	"Tillering"	"2"	"0.820192707242"	"1.17103154538"	"0.0"	"0.0"	"0.0"	"2.18089139435"	"0.0"	"0.1"	"1.0"
"1999"	"4"	"16"	"1.5"	"4.9"	"16.39"	"Tillering"	"2"	"1.17077898361"	"1.69630740854"	"1.17077898361"	"1.44598745766"	"1.44598745766"	"2.89197491532"	"2.89197491532"	"0.128461086581"	"2.5"
"1999"	"4"	"17"	"9.7"	"6.5"	"11.96"	"Tillering"	"2"	"0.818523591451"	"1.11018534874"	"0.818523591451"	"2.79381730628"	"2.79381730628"	"2.69565969724"	"2.69565969724"	"0.154692179842"	"4.0"
"1999"	"4"	"18"	"12.1"	"7.05"	"16.37"	"Tillering"	"2"	"1.36573165337"	"1.89506036045"	"1.36573165337"	"5.00381813972"	"5.00381813972"	"4.42000166689"	"4.42000166689"	"0.197184940212"	"5.5"
"1999"	"4"	"19"	"0.2"	"4.7"	"12.13"	"Tillering"	"2"	"1.09741046213"	"1.4596232903"	"1.09741046213"	"7.07378005909"	"7.07378005909"	"4.13992383874"	"4.13992383874"	"0.236985104304"	"7.0"
"1999"	"4"	"20"	"0.0"	"6.7"	"12.33"	"Tillering"	"2"	"1.53246399171"	"2.10489924776"	"1.53246399171"	"9.58280491666"	"9.58280491666"	"5.01804971514"	"5.01804971514"	"0.284681774839"	"8.5"
"1999"	"4"	"21"	"0.0"	"12.25"	"15.48"	"Tillering"	"2"	"1.63855134018"	"2.0250416591"	"1.49934209672"	"13.0130194861"	"13.0130194861"	"7.49739861528"	"6.86042913889"	"0.348569308473"	"9.75595078441"
"1999"	"4"	"22"	"0.8"	"11.85"	"10.12"	"Tillering"	"2"	"1.38394211997"	"1.64560245214"	"0.690502579231"	"14.4915657645"	"14.4915657645"	"5.9267627162"	"2.95709255681"	"0.375577868136"	"10.1293608452"
"1999"	"4"	"23"	"0.2"	"11.7"	"20.67"	"Tillering"	"2"	"1.97393331634"	"2.06541220743"	"0.873413298617"	"17.3620578416"	"17.3620578416"	"12.9747507951"	"5.74098415425"	"0.427036550219"	"10.4230351201"
"1999"	"4"	"24"	"0.0"	"11.6"	"18.27"	"Tillering"	"2"	"2.20319933652"	"1.92169294979"	"0.245924981054"	"18.0825527141"	"18.0825527141"	"12.9095776947"	"1.44098974494"	"0.439718543657"	"10.441724245"
"1999"	"4"	"25"	"1.3"	"11.3"	"9.26"	"Stem elongation"	"3"	"1.1293253336"	"0.71596501814"	"0.0"	"18.0825527141"	"18.0825527141"	"6.72085419232"	"0.0"	"0.439718543657"	"10.441724245"
"1999"	"4"	"26"	"6.1"	"14.25"	"14.97"	"Stem elongation"	"3"	"1.87646845348"	"1.46838697271"	"0.137393444934"	"18.1621063499"	"18.798535436"	"10.8651390129"	"0.795536357617"	"0.451837202216"	"10.4497658132"
"1999"	"4"	"27"	"3.1"	"12.65"	"24.59"	"Stem elongation"	"3"	"2.78866534261"	"2.09510157348"	"2.78866534261"	"19.9917136011"	"35.2650006969"	"18.2960725121"	"18.2960725121"	"0.72534736371"	"11.9497658132"
"1999"	"4"	"28"	"0.9"	"13.35"	"25.42"	"Stem elongation"	"3"	"3.43433646665"	"2.3716006166"	"3.43433646665"	"22.8725158571"	"61.192221001"	"28.8080225601"	"28.8080225601"	"1.14768655763"	"13.4497658132"
"1999"	"4"	"29"	"0.5"	"12.2"	"17.89"	"Stem elongation"	"3"	"3.09280244523"	"2.10023453549"	"3.09280244523"	"25.8361617888"	"87.865034386"	"29.6364593167"	"29.6364593167"	"1.57463732617"	"14.9497658132"
"1999"	"4"	"30"	"1.0"	"14.05"	"24.06"	"Stem elongation"	"3"	"3.27951957427"	"1.97240644018"	"3.18995169846"	"30.7577643805"	"132.159457712"	"50.5979198502"	"49.2160259177"	"2.26977554495"	"16.3689508336"
"1999"	"5"	"1"	"3.7"	"14.65"	"25.63"	"Stem elongation"	"3"	"3.76953201265"	"1.40216321724"	"2.8819475462"	"36.0187551827"	"179.508374932"	"68.812748772"	"52.6099080219"	"2.99798417555"	"17.2457265873"
"1999"	"5"	"2"	"15.5"	"13.4"	"12.51"	"Stem elongation"	"3"	"2.80787802864"	"0.00282851632488"	"2.80787802864"	"39.9513146246"	"214.901409908"	"39.3255944183"	"39.3255944183"	"3.53253433838"	"18.7457265873"
"1999"	"5"	"3"	"21.8"	"13.75"	"9.02"	"Stem elongation"	"3"	"1.96290653803"	"0.0"	"1.96290653803"	"43.0223190866"	"242.540450067"	"30.7100446206"	"30.7100446206"	"3.94241608147"	"20.2457265873"
"1999"	"5"	"4"	"0.0"	"12.6"	"9.08"	"Stem elongation"	"3"	"1.35551936082"	"0.0"	"1.35551936082"	"46.2641478654"	"271.716909075"	"32.4182877876"	"32.4182877876"	"4.36803601487"	"21.7457265873"
"1999"	"5"	"5"	"2.3"	"11.5"	"13.08"	"Stem elongation"	"3"	"2.32001377439"	"0.0"	"2.32001377439"	"51.1244612635"	"315.459729658"	"48.6031339809"	"48.6031339809"	"4.99678148972"	"23.2457265873"
"1999"	"5"	"6"	"0.0"	"9.45"	"14.75"	"Stem elongation"	"3"	"2.91324170492"	"0.0"	"2.91324170492"	"56.8625161166"	"367.102223337"	"57.3805485319"	"57.3805485319"	"5.73022863355"	"24.7457265873"
"1999"	"5"	"7"	"0.0"	"14.3"	"21.0"	"Stem elongation"	"3"	"3.6685636512"	"0.0"	"3.6685636512"	"65.3575474147"	"443.55750502"	"84.950312981"	"84.950312981"	"6.79684279179"	"26.2457265873"
"1999"	"5"	"8"	"0.0"	"15.85"	"12.64"	"Stem elongation"	"3"	"2.16973959375"	"0.0"	"2.16973959375"	"70.6703783158"	"491.37298313"	"53.1283090109"	"53.1283090109"	"7.45106355619"	"27.7457265873"
"1999"	"5"	"9"	"0.9"	"14.3"	"12.33"	"Stem elongation"	"3"	"2.29642312761"	"0.0"	"2.29642312761"	"75.9371741459"	"538.7741456"	"52.6679583008"	"52.6679583008"	"8.08854112778"	"29.2457265873"
"1999"	"5"	"10"	"1.6"	"14.4"	"12.63"	"Stem elongation"	"3"	"2.55129103709"	"0.0"	"2.55129103709"	"81.3970635634"	"587.913150358"	"54.5988941749"	"54.5988941749"	"8.73821893617"	"30.7457265873"
"1999"	"5"	"11"	"3.5"	"13.4"	"16.31"	"Stem elongation"	"3"	"3.09955728571"	"0.0"	"3.09955728571"	"88.5138829707"	"651.964525024"	"71.1681940731"	"71.1681940731"	"9.57194168356"	"32.2457265873"
"1999"	"5"	"12"	"0.0"	"14.2"	"15.99"	"Stem elongation"	"3"	"3.39675025906"	"0.0"	"3.39675025906"	"95.5529802168"	"715.316400238"	"70.3909724607"	"70.3909724607"	"10.3832447646"	"33.7457265873"
"1999"	"5"	"13"	"3.1"	"12.55"	"19.19"	"Anthesis"	"4"	"4.09915039223"	"0.0"	"4.09915039223"	"99.8028875157"	"796.064638917"	"84.9981459781"	"84.9981459781"	"10.3832447646"	"35.2457265873"
"1999"	"5"	"14"	"0.0"	"13.6"	"15.73"	"Anthesis"	"4"	"3.20065137186"	"0.0"	"3.20065137186"	"103.286527006"	"862.253789226"	"69.6727897986"	"69.6727897986"	"10.3832447646"	"36.7457265873"
"1999"	"5"	"15"	"0.0"	"12.25"	"23.58"	"Anthesis"	"4"	"4.92640864944"	"0.0"	"4.92640864944"	"108.50866427"	"961.474397254"	"104.442745292"	"104.442745292"	"10.3832447646"	"38.2457265873"
"1999"	"5"	"16"	"0.0"	"9.65"	"23.9"	"Anthesis"	"4"	"5.91121080501"	"0.0"	"5.91121080501"	"113.801670234"	"1062.04151056"	"105.860119274"	"105.860119274"	"10.3832447646"	"39.7457265873"
"1999"	"5"	"17"	"0.0"	"11.9"	"21.32"	"Anthesis"	"4"	"4.65709492985"	"0.0"	"4.65709492985"	"118.523297311"	"1151.75242503"	"94.4325415452"	"94.4325415452"	"10.3832447646"	"41.2457265873"
"1999"	"5"	"18"	"0.0"	"16.95"	"14.3"	"Anthesis"	"4"	"3.49596897348"	"0.0"	"3.49596897348"	"121.690242302"	"1211.92437986"	"63.3388998169"	"63.3388998169"	"10.3832447646"	"42.7457265873"
"1999"	"5"	"19"	"0.0"	"15.7"	"13.72"	"Anthesis"	"4"	"3.71433112725"	"0.0"	"3.65800490518"	"124.682660309"	"1268.78032198"	"60.7699094747"	"59.84836013"	"10.3832447646"	"44.2005778334"
"1999"	"5"	"20"	"0.0"	"15.6"	"11.48"	"Anthesis"	"4"	"2.83952428753"	"0.0"	"2.52981017808"	"126.947767288"	"1311.81735459"	"50.8482916013"	"45.3021395858"	"10.3832447646"	"45.3912054578"
"1999"	"5"	"21"	"4.3"	"16.8"	"25.34"	"Anthesis"	"4"	"5.28408721063"	"0.0"	"4.40838191131"	"131.629647823"	"1400.77308476"	"112.238302193"	"93.637610702"	"10.3832447646"	"46.4352276467"
"1999"	"5"	"22"	"3.9"	"14.35"	"15.62"	"Anthesis"	"4"	"4.11640904033"	"0.0"	"4.11376805697"	"135.086706813"	"1466.45720556"	"69.1855674923"	"69.1411797915"	"10.3832447646"	"47.9333035404"
"1999"	"5"	"23"	"0.0"	"13.1"	"17.06"	"Anthesis"	"4"	"3.99414164589"	"0.0"	"3.99414164589"	"138.864894333"	"1538.24276845"	"75.5637504109"	"75.5637504109"	"10.3832447646"	"49.4333035404"
"1999"	"5"	"24"	"0.9"	"16.65"	"26.77"	"Anthesis"	"4"	"5.54328377812"	"0.0"	"5.54328377812"	"144.793503942"	"1650.88635101"	"118.572192175"	"118.572192175"	"10.3832447646"	"50.9333035404"
"1999"	"5"	"25"	"0.0"	"15.65"	"28.34"	"Anthesis"	"4"	"6.69477299329"	"0.0"	"6.4628671756"	"150.852402805"	"1766.00542941"	"125.526183273"	"121.177977262"	"10.3832447646"	"52.3311839188"
"1999"	"5"	"26"	"2.3"	"15.35"	"20.75"	"Anthesis"	"4"	"4.68689221144"	"0.0"	"3.76356816834"	"154.542496592"	"1836.11721137"	"91.9078441399"	"73.8018757465"	"10.3832447646"	"53.2983941923"
"1999"	"5"	"27"	"0.0"	"17.6"	"23.21"	"Anthesis"	"4"	"6.13082509931"	"0.0"	"5.2042391624"	"158.905825412"	"1919.02045895"	"102.803906626"	"87.2665763978"	"10.3832447646"	"54.3792503437"
"1999"	"5"	"28"	"0.0"	"20.1"	"21.34"	"Anthesis"	"4"	"5.6074983531"	"0.0"	"4.06268751751"	"162.329899574"	"1984.07786803"	"94.5211274191"	"68.4814832435"	"10.3832447646"	"55.1666220219"
"1999"	"5"	"29"	"0.0"	"20.85"	"18.95"	"Seed fill"	"5"	"4.55520408116"	"0.0"	"2.86711834532"	"162.329899574"	"2036.90797293"	"83.9351154916"	"52.8301048986"	"10.3832447646"	"55.1666220219"
"1999"	"5"	"30"	"0.0"	"22.65"	"24.09"	"Seed fill"	"5"	"5.70083878721"	"0.0"	"3.13237784659"	"162.329899574"	"2095.5361866"	"106.701685076"	"58.628213672"	"10.3832447646"	"55.1666220219"
"1999"	"5"	"31"	"0.0"	"18.45"	"21.95"	"Seed fill"	"5"	"5.97641165707"	"0.0"	"2.76172848653"	"162.329899574"	"2140.46339955"	"97.2229965721"	"44.9272129475"	"10.3832447646"	"55.1666220219"
"1999"	"6"	"1"	"0.0"	"17.5"	"22.11"	"Seed fill"	"5"	"5.17131370714"	"0.0"	"1.99140554621"	"162.329899574"	"2178.17561521"	"97.931683563"	"37.7122156655"	"10.3832447646"	"55.1666220219"
"1999"	"6"	"2"	"0.0"	"22.25"	"16.89"	"Seed fill"	"5"	"4.39191523271"	"0.0"	"1.44736254366"	"162.329899574"	"2202.8296218"	"74.810770483"	"24.654006583"	"10.3832447646"	"55.1666220219"
"1999"	"6"	"3"	"0.0"	"19.65"	"11.8"	"Seed fill"	"5"	"3.00006122632"	"0.0"	"0.8675822495"	"162.329899574"	"2217.94423457"	"52.2656655832"	"15.1146127687"	"10.3832447646"	"55.1666220219"
"1999"	"6"	"4"	"4.8"	"16.35"	"16.3"	"Seed fill"	"5"	"3.67537455944"	"0.0"	"0.973950162441"	"162.329899574"	"2237.07609535"	"72.1974872039"	"19.1318607812"	"10.3832447646"	"55.1666220219"
"1999"	"6"	"5"	"0.2"	"14.15"	"18.12"	"Seed fill"	"5"	"3.66481582944"	"0.0"	"1.85275782679"	"162.329899574"	"2277.65115559"	"80.258801726"	"40.575060245"	"10.3832447646"	"55.1666220219"
"1999"	"6"	"6"	"0.0"	"14.4"	"14.81"	"Seed fill"	"5"	"3.44252818073"	"0.0"	"1.60090963093"	"162.329899574"	"2308.15670491"	"65.5978396006"	"30.5055493148"	"10.3832447646"	"55.1666220219"
"1999"	"6"	"7"	"0.0"	"14.25"	"14.57"	"Seed fill"	"5"	"3.53163299295"	"0.0"	"1.48467554288"	"162.329899574"	"2335.28671897"	"64.5348091141"	"27.1300140608"	"10.3832447646"	"55.1666220219"
"1999"	"6"	"8"	"1.3"	"14.5"	"21.26"	"Seed fill"	"5"	"5.02291964479"	"0.0"	"1.9036340246"	"162.329899574"	"2370.97494545"	"94.1667839236"	"35.6882264781"	"10.3832447646"	"55.1666220219"
"1999"	"6"	"9"	"2.6"	"13.4"	"24.61"	"Seed fill"	"5"	"4.79792922544"	"0.0"	"1.91154048679"	"162.329899574"	"2414.40353804"	"109.004917797"	"43.4285925942"	"10.3832447646"	"55.1666220219"
"1999"	"6"	"10"	"1.0"	"14.9"	"22.83"	"Seed fill"	"5"	"4.64452608816"	"0.0"	"2.27635903561"	"162.329899574"	"2463.96450197"	"101.120775022"	"49.5609639263"	"10.3832447646"	"55.1666220219"
"1999"	"6"	"11"	"0.3"	"15.0"	"14.76"	"Seed fill"	"5"	"4.21213890761"	"0.0"	"2.03197608167"	"162.329899574"	"2495.5026903"	"65.3763749159"	"31.5381883288"	"10.3832447646"	"55.1666220219"
"1999"	"6"	"12"	"0.6"	"14.35"	"24.27"	"Seed fill"	"5"	"5.90306314441"	"0.0"	"2.61195943903"	"162.329899574"	"2543.06832038"	"107.498957941"	"47.5656300823"	"10.3832447646"	"55.1666220219"
"1999"	"6"	"13"	"0.8"	"16.45"	"26.21"	"Seed fill"	"5"	"6.2369959588"	"0.0"	"2.51412800183"	"162.329899574"	"2589.86482565"	"116.091787706"	"46.79650527"	"10.3832447646"	"55.1666220219"
"1999"	"6"	"14"	"2.4"	"19.25"	"15.81"	"Dough stage"	"6"	"4.31953613413"	"0.0"	"1.63108450384"	"162.329899574"	"2616.30751959"	"70.0271332941"	"26.4426939417"	"10.3832447646"	"55.1666220219"
"1999"	"6"	"15"	"0.0"	"17.7"	"25.58"	"Dough stage"	"6"	"6.01334397014"	"0.0"	"2.80209604018"	"162.329899574"	"2669.10363723"	"113.301332679"	"52.7961176384"	"10.3832447646"	"55.1666220219"
"1999"	"6"	"16"	"0.0"	"17.85"	"20.96"	"Dough stage"	"6"	"4.67023268715"	"0.0"	"1.81128481601"	"162.329899574"	"2705.10956315"	"92.8379958155"	"36.0059259215"	"10.3832447646"	"55.1666220219"
"1999"	"6"	"17"	"0.0"	"18.9"	"22.25"	"Dough stage"	"6"	"5.42128134258"	"0.0"	"1.82872729747"	"162.329899574"	"2738.353427"	"98.5517846801"	"33.2438638525"	"10.3832447646"	"55.1666220219"
"1999"	"6"	"18"	"0.0"	"15.75"	"19.81"	"Dough stage"	"6"	"4.92395002821"	"0.0"	"1.40985049755"	"162.329899574"	"2763.47682502"	"87.744308068"	"25.1233980194"	"10.3832447646"	"55.1666220219"
"1999"	"6"	"19"	"0.3"	"14.95"	"21.74"	"Dough stage"	"6"	"4.43231145276"	"0.0"	"1.0948156625"	"162.329899574"	"2787.26191231"	"96.2928448965"	"23.7850872853"	"10.3832447646"	"55.1666220219"
"1999"	"6"	"20"	"1.8"	"16.45"	"18.78"	"Dough stage"	"6"	"4.53084115981"	"0.0"	"1.05663132057"	"162.329899574"	"2806.6607053"	"83.1821355637"	"19.3987929942"	"10.3832447646"	"55.1666220219"
"1999"	"6"	"21"	"0.0"	"13.9"	"16.21"	"Dough stage"	"6"	"4.17457792256"	"0.0"	"1.26964338278"	"162.329899574"	"2828.49738855"	"71.7988507715"	"21.8366832443"	"10.3832447646"	"55.1666220219"
"1999"	"6"	"22"	"0.0"	"13.9"	"19.8"	"Dough stage"	"6"	"4.42348543861"	"0.0"	"1.18872196932"	"162.329899574"	"2852.06498838"	"87.7000151311"	"23.5675998356"	"10.3832447646"	"55.1666220219"
"1999"	"6"	"23"	"0.0"	"13.2"	"28.27"	"Dough stage"	"6"	"6.06013949074"	"0.0"	"1.42764267609"	"162.329899574"	"2881.56330192"	"125.216132715"	"29.4983135408"	"10.3832447646"	"55.1666220219"
"1999"	"6"	"24"	"0.0"	"14.3"	"26.59"	"Dough stage"	"6"	"6.15264069359"	"0.0"	"1.20447620302"	"162.329899574"	"2904.61959509"	"117.77491931"	"23.0562931732"	"10.3832447646"	"55.1666220219"
"1999"	"6"	"25"	"0.0"	"16.35"	"14.9"	"Dough stage"	"6"	"3.64377919447"	"0.0"	"0.59093298524"	"162.329899574"	"2915.32262964"	"65.996476033"	"10.7030345463"	"10.3832447646"	"55.1666220219"
"1999"	"6"	"26"	"0.0"	"17.75"	"17.08"	"Dough stage"	"6"	"4.66009499816"	"0.0"	"0.678958040801"	"162.329899574"	"2926.34488606"	"75.6523362848"	"11.0222564231"	"10.3832447646"	"55.1666220219"
"1999"	"6"	"27"	"0.0"	"20.35"	"13.99"	"Dough stage"	"6"	"3.87988228794"	"0.0"	"0.491820508571"	"162.329899574"	"2934.19977914"	"61.9658187719"	"7.85489307166"	"10.3832447646"	"55.1666220219"
"1999"	"6"	"28"	"0.0"	"16.95"	"12.82"	"Dough stage"	"6"	"3.74685883748"	"0.0"	"0.42356756607"	"162.329899574"	"2940.61893424"	"56.7835451505"	"6.41915509911"	"10.3832447646"	"55.1666220219"
"1999"	"6"	"29"	"0.0"	"17.25"	"17.93"	"Dough stage"	"6"	"4.75850301427"	"0.0"	"0.481721268908"	"162.329899574"	"2948.65864159"	"79.4172359243"	"8.03970735079"	"10.3832447646"	"55.1666220219"
"1999"	"6"	"30"	"1.6"	"19.95"	"27.78"	"Dough stage"	"6"	"6.81045197239"	"0.0"	"0.597956062233"	"162.329899574"	"2959.46203168"	"123.045778805"	"10.8033900932"	"10.3832447646"	"55.1666220219"
"1999"	"7"	"1"	"1.1"	"18.85"	"28.53"	"Dough stage"	"6"	"7.7706138413"	"0.0"	"1.24612962381"	"162.329899574"	"2979.72691665"	"126.367749075"	"20.264884967"	"10.3832447646"	"55.1666220219"
"1999"	"7"	"2"	"0.6"	"20.3"	"20.18"	"Dough stage"	"6"	"5.48019722991"	"0.0"	"1.02460767809"	"162.329899574"	"2996.43847913"	"89.3831467346"	"16.7115624847"	"10.3832447646"	"55.1666220219"
"1999"	"7"	"3"	"0.0"	"23.15"	"26.17"	"Dough stage"	"6"	"6.92819027129"	"0.0"	"1.32921997104"	"162.329899574"	"3018.67747899"	"115.914615959"	"22.2389998591"	"10.3832447646"	"55.1666220219"
"1999"	"7"	"4"	"0.3"	"23.75"	"10.29"	"Dough stage"	"6"	"2.51516862414"	"0.0"	"0.389318064143"	"162.329899574"	"3025.73232114"	"45.577432106"	"7.05484215484"	"10.3832447646"	"55.1666220219"
"1999"	"7"	"5"	"0.1"	"23.9"	"15.76"	"Dough stage"	"6"	"3.88319861444"	"0.0"	"0.623888119205"	"162.329899574"	"3036.94754128"	"69.8056686094"	"11.2152201375"	"10.3832447646"	"55.1666220219"
"1999"	"7"	"6"	"0.0"	"18.7"	"13.95"	"Maturity"	"7"	"3.12113770553"	"0.0"	"0.464557190889"	"162.329899574"	"3046.14430317"	"61.7886470242"	"9.19676188576"	"10.3832447646"	"55.1666220219"
"1999"	"7"	"7"	"0.0"	"19.3"	"18.39"	"Maturity"	"7"	"4.1381271695"	"0.0"	"0.562317280059"	"162.329899574"	"3057.21293148"	"81.4547110233"	"11.0686283129"	"10.3832447646"	"55.1666220219"
"1999"	"7"	"8"	"0.3"	"18.3"	"19.0"	"Maturity"	"7"	"4.62590921746"	"0.0"	"0.556058594615"	"162.329899574"	"3067.32899462"	"84.1565801763"	"10.116063135"	"10.3832447646"	"55.1666220219"
"1999"	"7"	"9"	"12.0"	"17.8"	"21.9"	"Maturity"	"7"	"6.07505122664"	"0.0"	"0.737697554661"	"162.329899574"	"3079.10795585"	"97.0015318874"	"11.7789612305"	"10.3832447646"	"55.1666220219"
"1999"	"7"	"10"	"0.3"	"21.3"	"15.5"	"Maturity"	"7"	"4.03702327249"	"0.0"	"3.10915033038"	"162.329899574"	"3131.98250098"	"68.6540522491"	"52.8745451349"	"10.3832447646"	"55.1666220219"
"1999"	"7"	"11"	"3.4"	"23.0"	"15.34"	"D"	""	"4.01103507704"	"0.0"	"2.80846696554"	"162.329899574"	"3131.98250098"	"0.0"	"0.0"	"10.3832447646"	"55.1666220219"
"1999"	"7"	"12"	"14.7"	"22.8"	"17.97"	"D"	""	"3.96602249227"	"0.0"	"3.21842384576"	"162.329899574"	"3131.98250098"	"0.0"	"0.0"	"10.3832447646"	"55.1666220219"
"1999"	"7"	"13"	"0.8"	"22.45"	"14.0"	"D"	""	"3.11277131148"	"0.0"	"3.11277131148"	"162.329899574"	"3131.98250098"	"0.0"	"0.0"	"10.3832447646"	"55.1666220219"
"1999"	"7"	"14"	"0.0"	"18.95"	"19.16"	"D"	""	"3.99195465249"	"0.0"	"3.99195465249"	"162.329899574"	"3131.98250098"	"0.0"	"0.0"	"10.3832447646"	"55.1666220219"
"1999"	"7"	"15"	"10.5"	"16.1"	"28.37"	"D"	""	"5.4386933574"	"0.0"	"5.4386933574"	"162.329899574"	"3131.98250098"	"0.0"	"0.0"	"10.3832447646"	"55.1666220219"
"1999"	"7"	"16"	"26.6"	"17.6"	"28.57"	"D"	""	"5.79956667286"	"0.0"	"5.79956667286"	"162.329899574"	"3131.98250098"	"0.0"	"0.0"	"10.3832447646"	"55.1666220219"
"1999"	"7"	"17"	"0.2"	"18.4"	"24.72"	"D"	""	"4.98819448371"	"0.0"	"4.98819448371"	"162.329899574"	"3131.98250098"	"0.0"	"0.0"	"10.3832447646"	"55.1666220219"
"1999"	"7"	"18"	"0.0"	"21.35"	"19.62"	"D"	""	"4.01352897119"	"0.0"	"4.01352897119"	"162.329899574"	"3131.98250098"	"0.0"	"0.0"	"10.3832447646"	"55.1666220219"
"1999"	"7"	"19"	"0.0"	"23.35"	"17.04"	"D"	""	"3.78247050244"	"0.0"	"3.78247050244"	"162.329899574"	"3131.98250098"	"0.0"	"0.0"	"10.3832447646"	"55.1666220219"
"1999"	"7"	"20"	"1.1"	"23.5"	"14.85"	"D"	""	"3.06662960558"	"0.0"	"3.06662960558"	"162.329899574"	"3131.98250098"	"0.0"	"0.0"	"10.3832447646"	"55.1666220219"
"1999"	"7"	"21"	"0.0"	"20.65"	"11.16"	"D"	""	"2.38642553184"	"0.0"	"2.38642553184"	"162.329899574"	"3131.98250098"	"0.0"	"0.0"	"10.3832447646"	"55.1666220219"
"1999"	"7"	"22"	"0.0"	"17.05"	"15.01"	"D"	""	"2.84802749697"	"0.0"	"2.84802749697"	"162.329899574"	"3131.98250098"	"0.0"	"0.0"	"10.3832447646"	"55.1666220219"
"1999"	"7"	"23"	"0.0"	"15.25"	"19.6"	"D"	""	"3.67990898353"	"0.0"	"3.67990898353"	"162.329899574"	"3131.98250098"	"0.0"	"0.0"	"10.3832447646"	"55.1666220219"
"1999"	"7"	"24"	"1.1"	"16.9"	"22.92"	"D"	""	"3.68985915448"	"0.0"	"3.68985915448"	"162.329899574"	"3131.98250098"	"0.0"	"0.0"	"10.3832447646"	"55.1666220219"
"1999"	"7"	"25"	"0.1"	"20.75"	"18.98"	"D"	""	"3.05480110269"	"0.0"	"3.05480110269"	"162.329899574"	"3131.98250098"	"0.0"	"0.0"	"10.3832447646"	"55.1666220219"
"1999"	"7"	"26"	"0.0"	"20.75"	"27.78"	"D"	""	"4.87361172757"	"0.0"	"4.87361172757"	"162.329899574"	"3131.98250098"	"0.0"	"0.0"	"10.3832447646"	"55.1666220219"
"1999"	"7"	"27"	"0.0"	"19.9"	"27.21"	"D"	""	"4.67073942804"	"0.0"	"4.67073942804"	"162.329899574"	"3131.98250098"	"0.0"	"0.0"	"10.3832447646"	"55.1666220219"
"1999"	"7"	"28"	"0.0"	"19.75"	"22.53"	"D"	""	"4.14335836824"	"0.0"	"4.09761372821"	"162.329899574"	"3131.98250098"	"0.0"	"0.0"	"10.3832447646"	"55.1666220219"
"1999"	"7"	"29"	"28.4"	"20.6"	"20.96"	"D"	""	"3.78785621442"	"0.0"	"3.31318914706"	"162.329899574"	"3131.98250098"	"0.0"	"0.0"	"10.3832447646"	"55.1666220219"
"1999"	"7"	"30"	"18.4"	"20.8"	"21.02"	"D"	""	"3.69809546821"	"0.0"	"3.69809546821"	"162.329899574"	"3131.98250098"	"0.0"	"0.0"	"10.3832447646"	"55.1666220219"
"1999"	"7"	"31"	"10.3"	"20.9"	"22.8"	"D"	""	"3.93660640704"	"0.0"	"3.93660640704"	"162.329899574"	"3131.98250098"	"0.0"	"0.0"	"10.3832447646"	"55.1666220219"
"1999"	"8"	"1"	"0.1"	"21.95"	"20.37"	""	""	"0"	"0"	"0"	"0"	"0"	"0"	"0"	"0"	"0"
"1999"	"8"	"2"	"3.0"	"22.05"	"23.25"	""	""	"0"	"0"	"0"	"0"	"0"	"0"	"0"	"0"	"0"
"1999"	"8"	"3"	"3.5"	"21.5"	"14.2"	""	""	"0"	"0"	"0"	"0"	"0"	"0"	"0"	"0"	"0"
"1999"	"8"	"4"	"1.3"	"22.55"	"20.38"	""	""	"0"	"0"	"0"	"0"	"0"	"0"	"0"	"0"	"0"
"1999"	"8"	"5"	"0.0"	"22.75"	"13.94"	""	""	"0"	"0"	"0"	"0"	"0"	"0"	"0"	"0"	"0"
"1999"	"8"	"6"	"0.0"	"21.85"	"13.14"	""	""	"0"	"0"	"0"	"0"	"0"	"0"	"0"	"0"	"0"
"1999"	"8"	"7"	"0.4"	"22.65"	"18.79"	""	""	"0"	"0"	"0"	"0"	"0"	"0"	"0"	"0"	"0"
"1999"	"8"	"8"	"6.1"	"19.65"	"13.37"	""	""	"0"	"0"	"0"	"0"	"0"	"0"	"0"	"0"	"0"
"1999"	"8"	"9"	"3.6"	"20.65"	"9.55"	""	""	"0"	"0"	"0"	"0"	"0"	"0"	"0"	"0"	"0"
"1999"	"8"	"10"	"0.0"	"19.4"	"14.07"	""	""	"0"	"0"	"0"	"0"	"0"	"0"	"0"	"0"	"0"
"1999"	"8"	"11"	"0.0"	"17.5"	"20.36"	""	""	"0"	"0"	"0"	"0"	"0"	"0"	"0"	"0"	"0"
"1999"	"8"	"12"	"0.0"	"15.05"	"8.64"	""	""	"0"	"0"	"0"	"0"	"0"	"0"	"0"	"0"	"0"
"1999"	"8"	"13"	"0.0"	"14.95"	"13.84"	""	""	"0"	"0"	"0"	"0"	"0"	"0"	"0"	"0"	"0"
"1999"	"8"	"14"	"0.0"	"13.85"	"10.42"	""	""	"0"	"0"	"0"	"0"	"0"	"0"	"0"	"0"	"0"
"1999"	"8"	"15"	"0.0"	"17.1"	"14.03"	""	""	"0"	"0"	"0"	"0"	"0"	"0"	"0"	"0"	"0"
"1999"	"8"	"16"	"0.0"	"16.0"	"11.82"	""	""	"0"	"0"	"0"	"0"	"0"	"0"	"0"	"0"	"0"
"1999"	"8"	"17"	"0.0"	"15.95"	"20.34"	""	""	"0"	"0"	"0"	"0"	"0"	"0"	"0"	"0"	"0"
"1999"	"8"	"18"	"0.0"	"15.75"	"14.36"	""	""	"0"	"0"	"0"	"0"	"0"	"0"	"0"	"0"	"0"
"1999"	"8"	"19"	"19.3"	"17.05"	"17.55"	""	""	"0"	"0"	"0"	"0"	"0"	"0"	"0"	"0"	"0"
"1999"	"8"	"20"	"0.0"	"15.35"	"22.45"	""	""	"0"	"0"	"0"	"0"	"0"	"0"	"0"	"0"	"0"
"1999"	"8"	"21"	"0.0"	"16.0"	"22.68"	""	""	"0"	"0"	"0"	"0"	"0"	"0"	"0"	"0"	"0"
"1999"	"8"	"22"	"0.0"	"13.6"	"16.08"	""	""	"0"	"0"	"0"	"0"	"0"	"0"	"0"	"0"	"0"
"1999"	"8"	"23"	"11.8"	"15.25"	"18.62"	""	""	"0"	"0"	"0"	"0"	"0"	"0"	"0"	"0"	"0"
"1999"	"8"	"24"	"0.0"	"17.5"	"7.96"	""	""	"0"	"0"	"0"	"0"	"0"	"0"	"0"	"0"	"0"
"1999"	"8"	"25"	"0.0"	"21.75"	"13.48"	""	""	"0"	"0"	"0"	"0"	"0"	"0"	"0"	"0"	"0"
"1999"	"8"	"26"	"4.1"	"19.8"	"11.57"	""	""	"0"	"0"	"0"	"0"	"0"	"0"	"0"	"0"	"0"
"1999"	"8"	"27"	"0.3"	"21.05"	"21.88"	""	""	"0"	"0"	"0"	"0"	"0"	"0"	"0"	"0"	"0"
"1999"	"8"	"28"	"0.0"	"19.1"	"16.22"	""	""	"0"	"0"	"0"	"0"	"0"	"0"	"0"	"0"	"0"
"1999"	"8"	"29"	"0.0"	"17.65"	"12.53"	""	""	"0"	"0"	"0"	"0"	"0"	"0"	"0"	"0"	"0"
"1999"	"8"	"30"	"0.0"	"17.65"	"7.97"	""	""	"0"	"0"	"0"	"0"	"0"	"0"	"0"	"0"	"0"
"1999"	"8"	"31"	"0.0"	"17.85"	"21.64"	""	""	"0"	"0"	"0"	"0"	"0"	"0"	"0"	"0"	"0"
"1999"	"9"	"1"	"0.0"	"16.1"	"21.27"	""	""	"0"	"0"	"0"	"0"	"0"	"0"	"0"	"0"	"0"
"1999"	"9"	"2"	"1.9"	"16.7"	"16.19"	""	""	"0"	"0"	"0"	"0"	"0"	"0"	"0"	"0"	"0"
"1999"	"9"	"3"	"0.0"	"17.8"	"20.42"	""	""	"0"	"0"	"0"	"0"	"0"	"0"	"0"	"0"	"0"
"1999"	"9"	"4"	"0.0"	"21.2"	"12.47"	""	""	"0"	"0"	"0"	"0"	"0"	"0"	"0"	"0"	"0"
"1999"	"9"	"5"	"0.0"	"18.95"	"13.12"	""	""	"0"	"0"	"0"	"0"	"0"	"0"	"0"	"0"	"0"
"1999"	"9"	"6"	"10.4"	"17.45"	"18.26"	""	""	"0"	"0"	"0"	"0"	"0"	"0"	"0"	"0"	"0"
"1999"	"9"	"7"	"0.0"	"20.25"	"18.64"	""	""	"0"	"0"	"0"	"0"	"0"	"0"	"0"	"0"	"0"
"1999"	"9"	"8"	"5.6"	"20.8"	"16.48"	""	""	"0"	"0"	"0"	"0"	"0"	"0"	"0"	"0"	"0"
"1999"	"9"	"9"	"20.2"	"20.55"	"19.4"	""	""	"0"	"0"	"0"	"0"	"0"	"0"	"0"	"0"	"0"
"1999"	"9"	"10"	"0.0"	"21.4"	"18.51"	""	""	"0"	"0"	"0"	"0"	"0"	"0"	"0"	"0"	"0"
"1999"	"9"	"11"	"0.0"	"20.9"	"18.36"	""	""	"0"	"0"	"0"	"0"	"0"	"0"	"0"	"0"	"0"
"1999"	"9"	"12"	"0.0"	"20.8"	"18.1"	""	""	"0"	"0"	"0"	"0"	"0"	"0"	"0"	"0"	"0"
"1999"	"9"	"13"	"0.0"	"22.05"	"15.69"	""	""	"0"	"0"	"0"	"0"	"0"	"0"	"0"	"0"	"0"
"1999"	"9"	"14"	"0.0"	"21.6"	"15.95"	""	""	"0"	"0"	"0"	"0"	"0"	"0"	"0"	"0"	"0"
"1999"	"9"	"15"	"0.0"	"21.65"	"11.46"	""	""	"0"	"0"	"0"	"0"	"0"	"0"	"0"	"0"	"0"
"1999"	"9"	"16"	"0.0"	"17.05"	"12.15"	""	""	"0"	"0"	"0"	"0"	"0"	"0"	"0"	"0"	"0"
"1999"	"9"	"17"	"0.0"	"14.5"	"12.03"	""	""	"0"	"0"	"0"	"0"	"0"	"0"	"0"	"0"	"0"
"1999"	"9"	"18"	"0.0"	"16.35"	"10.52"	""	""	"0"	"0"	"0"	"0"	"0"	"0"	"0"	"0"	"0"
"1999"	"9"	"19"	"0.0"	"18.25"	"10.9"	""	""	"0"	"0"	"0"	"0"	"0"	"0"	"0"	"0"	"0"
"1999"	"9"	"20"	"0.0"	"20.2"	"6.5"	""	""	"0"	"0"	"0"	"0"	"0"	"0"	"0"	"0"	"0"
"1999"	"9"	"21"	"0.3"	"17.05"	"10.38"	""	""	"0"	"0"	"0"	"0"	"0"	"0"	"0"	"0"	"0"
"1999"	"9"	"22"	"0.9"	"17.2"	"15.64"	""	""	"0"	"0"	"0"	"0"	"0"	"0"	"0"	"0"	"0"
"1999"	"9"	"23"	"0.0"	"20.3"	"6.35"	""	""	"0"	"0"	"0"	"0"	"0"	"0"	"0"	"0"	"0"
"1999"	"9"	"24"	"3.3"	"18.45"	"7.4"	""	""	"0"	"0"	"0"	"0"	"0"	"0"	"0"	"0"	"0"
"1999"	"9"	"25"	"4.6"	"16.95"	"8.06"	""	""	"0"	"0"	"0"	"0"	"0"	"0"	"0"	"0"	"0"
"1999"	"9"	"26"	"3.7"	"16.5"	"7.59"	""	""	"0"	"0"	"0"	"0"	"0"	"0"	"0"	"0"	"0"
"1999"	"9"	"27"	"0.0"	"16.05"	"5.29"	""	""	"0"	"0"	"0"	"0"	"0"	"0"	"0"	"0"	"0"
"1999"	"9"	"28"	"0.0"	"15.6"	"5.48"	""	""	"0"	"0"	"0"	"0"	"0"	"0"	"0"	"0"	"0"
"1999"	"9"	"29"	"0.0"	"14.55"	"6.85"	""	""	"0"	"0"	"0"	"0"	"0"	"0"	"0"	"0"	"0"
"1999"	"9"	"30"	"0.0"	"14.4"	"5.06"	""	""	"0"	"0"	"0"	"0"	"0"	"0"	"0"	"0"	"0"
"1999"	"10"	"1"	"0.6"	"14.05"	"7.74"	""	""	"0"	"0"	"0"	"0"	"0"	"0"	"0"	"0"	"0"
"1999"	"10"	"2"	"3.7"	"15.3"	"5.44"	""	""	"0"	"0"	"0"	"0"	"0"	"0"	"0"	"0"	"0"
"1999"	"10"	"3"	"0.0"	"11.85"	"6.76"	""	""	"0"	"0"	"0"	"0"	"0"	"0"	"0"	"0"	"0"
"1999"	"10"	"4"	"8.8"	"11.05"	"4.76"	""	""	"0"	"0"	"0"	"0"	"0"	"0"	"0"	"0"	"0"
"1999"	"10"	"5"	"2.6"	"9.75"	"6.15"	""	""	"0"	"0"	"0"	"0"	"0"	"0"	"0"	"0"	"0"
"1999"	"10"	"6"	"3.5"	"8.5"	"4.62"	""	""	"0"	"0"	"0"	"0"	"0"	"0"	"0"	"0"	"0"
"1999"	"10"	"7"	"0.0"	"11.1"	"5.22"	""	""	"0"	"0"	"0"	"0"	"0"	"0"	"0"	"0"	"0"
"1999"	"10"	"8"	"0.0"	"9.7"	"4.48"	""	""	"0"	"0"	"0"	"0"	"0"	"0"	"0"	"0"	"0"
"1999"	"10"	"9"	"0.0"	"12.75"	"5.39"	""	""	"0"	"0"	"0"	"0"	"0"	"0"	"0"	"0"	"0"
"1999"	"10"	"10"	"0.0"	"14.2"	"9.06"	""	""	"0"	"0"	"0"	"0"	"0"	"0"	"0"	"0"	"0"
"1999"	"10"	"11"	"0.6"	"15.1"	"11.11"	""	""	"0"	"0"	"0"	"0"	"0"	"0"	"0"	"0"	"0"
"1999"	"10"	"12"	"0.2"	"11.8"	"5.07"	""	""	"0"	"0"	"0"	"0"	"0"	"0"	"0"	"0"	"0"
"1999"	"10"	"13"	"0.0"	"9.0"	"6.65"	""	""	"0"	"0"	"0"	"0"	"0"	"0"	"0"	"0"	"0"
"1999"	"10"	"14"	"5.9"	"7.5"	"12.03"	""	""	"0"	"0"	"0"	"0"	"0"	"0"	"0"	"0"	"0"
"1999"	"10"	"15"	"4.9"	"11.7"	"11.88"	""	""	"0"	"0"	"0"	"0"	"0"	"0"	"0"	"0"	"0"
"1999"	"10"	"16"	"0.1"	"7.15"	"10.89"	""	""	"0"	"0"	"0"	"0"	"0"	"0"	"0"	"0"	"0"
"1999"	"10"	"17"	"4.1"	"5.05"	"11.12"	""	""	"0"	"0"	"0"	"0"	"0"	"0"	"0"	"0"	"0"
"1999"	"10"	"18"	"2.0"	"4.6"	"9.04"	""	""	"0"	"0"	"0"	"0"	"0"	"0"	"0"	"0"	"0"
"1999"	"10"	"19"	"0.2"	"4.9"	"4.7"	""	""	"0"	"0"	"0"	"0"	"0"	"0"	"0"	"0"	"0"
"1999"	"10"	"20"	"9.9"	"6.3"	"7.04"	""	""	"0"	"0"	"0"	"0"	"0"	"0"	"0"	"0"	"0"
"1999"	"10"	"21"	"8.9"	"4.9"	"3.61"	""	""	"0"	"0"	"0"	"0"	"0"	"0"	"0"	"0"	"0"
"1999"	"10"	"22"	"1.4"	"7.4"	"4.84"	""	""	"0"	"0"	"0"	"0"	"0"	"0"	"0"	"0"	"0"
"1999"	"10"	"23"	"0.4"	"10.45"	"3.7"	""	""	"0"	"0"	"0"	"0"	"0"	"0"	"0"	"0"	"0"
"1999"	"10"	"24"	"18.4"	"8.95"	"5.46"	""	""	"0"	"0"	"0"	"0"	"0"	"0"	"0"	"0"	"0"
"1999"	"10"	"25"	"6.3"	"10.85"	"5.86"	""	""	"0"	"0"	"0"	"0"	"0"	"0"	"0"	"0"	"0"
"1999"	"10"	"26"	"12.0"	"11.55"	"3.31"	""	""	"0"	"0"	"0"	"0"	"0"	"0"	"0"	"0"	"0"
"1999"	"10"	"27"	"0.0"	"11.35"	"7.11"	""	""	"0"	"0"	"0"	"0"	"0"	"0"	"0"	"0"	"0"
"1999"	"10"	"28"	"0.2"	"6.45"	"5.4"	""	""	"0"	"0"	"0"	"0"	"0"	"0"	"0"	"0"	"0"
"1999"	"10"	"29"	"2.4"	"10.95"	"6.58"	""	""	"0"	"0"	"0"	"0"	"0"	"0"	"0"	"0"	"0"
"1999"	"10"	"30"	"0.3"	"11.65"	"6.88"	""	""	"0"	"0"	"0"	"0"	"0"	"0"	"0"	"0"	"0"
"1999"	"10"	"31"	"8.7"	"11.25"	"3.03"	""	""	"0"	"0"	"0"	"0"	"0"	"0"	"0"	"0"	"0"
"1999"	"11"	"1"	"2.9"	"7.85"	"8.03"	""	""	"0"	"0"	"0"	"0"	"0"	"0"	"0"	"0"	"0"
"1999"	"11"	"2"	"8.7"	"12.05"	"6.85"	""	""	"0"	"0"	"0"	"0"	"0"	"0"	"0"	"0"	"0"
"1999"	"11"	"3"	"1.4"	"7.85"	"2.88"	""	""	"0"	"0"	"0"	"0"	"0"	"0"	"0"	"0"	"0"
"1999"	"11"	"4"	"0.3"	"5.8"	"3.69"	""	""	"0"	"0"	"0"	"0"	"0"	"0"	"0"	"0"	"0"
"1999"	"11"	"5"	"0.0"	"5.55"	"2.78"	""	""	"0"	"0"	"0"	"0"	"0"	"0"	"0"	"0"	"0"
"1999"	"11"	"6"	"4.4"	"8.4"	"3.16"	""	""	"0"	"0"	"0"	"0"	"0"	"0"	"0"	"0"	"0"
"1999"	"11"	"7"	"10.5"	"6.2"	"2.75"	""	""	"0"	"0"	"0"	"0"	"0"	"0"	"0"	"0"	"0"
"1999"	"11"	"8"	"0.2"	"7.65"	"2.64"	""	""	"0"	"0"	"0"	"0"	"0"	"0"	"0"	"0"	"0"
"1999"	"11"	"9"	"13.9"	"7.05"	"2.6"	""	""	"0"	"0"	"0"	"0"	"0"	"0"	"0"	"0"	"0"
"1999"	"11"	"10"	"1.1"	"7.05"	"3.25"	""	""	"0"	"0"	"0"	"0"	"0"	"0"	"0"	"0"	"0"
"1999"	"11"	"11"	"0.2"	"4.8"	"2.51"	""	""	"0"	"0"	"0"	"0"	"0"	"0"	"0"	"0"	"0"
"1999"	"11"	"12"	"0.4"	"4.35"	"2.7"	""	""	"0"	"0"	"0"	"0"	"0"	"0"	"0"	"0"	"0"
"1999"	"11"	"13"	"1.3"	"3.35"	"6.84"	""	""	"0"	"0"	"0"	"0"	"0"	"0"	"0"	"0"	"0"
"1999"	"11"	"14"	"1.0"	"4.4"	"6.87"	""	""	"0"	"0"	"0"	"0"	"0"	"0"	"0"	"0"	"0"
"1999"	"11"	"15"	"6.7"	"1.0"	"2.35"	""	""	"0"	"0"	"0"	"0"	"0"	"0"	"0"	"0"	"0"
"1999"	"11"	"16"	"0.0"	"-1.25"	"2.37"	""	""	"0"	"0"	"0"	"0"	"0"	"0"	"0"	"0"	"0"
"1999"	"11"	"17"	"0.0"	"1.1"	"2.98"	""	""	"0"	"0"	"0"	"0"	"0"	"0"	"0"	"0"	"0"
"1999"	"11"	"18"	"0.0"	"1.5"	"2.25"	""	""	"0"	"0"	"0"	"0"	"0"	"0"	"0"	"0"	"0"
"1999"	"11"	"19"	"0.0"	"1.5"	"4.31"	""	""	"0"	"0"	"0"	"0"	"0"	"0"	"0"	"0"	"0"
"1999"	"11"	"20"	"0.0"	"0.1"	"2.18"	""	""	"0"	"0"	"0"	"0"	"0"	"0"	"0"	"0"	"0"
"1999"	"11"	"21"	"3.7"	"-1.3"	"2.2"	""	""	"0"	"0"	"0"	"0"	"0"	"0"	"0"	"0"	"0"
"1999"	"11"	"22"	"0.0"	"-1.2"	"2.12"	""	""	"0"	"0"	"0"	"0"	"0"	"0"	"0"	"0"	"0"
"1999"	"11"	"23"	"0.0"	"2.75"	"2.09"	""	""	"0"	"0"	"0"	"0"	"0"	"0"	"0"	"0"	"0"
"1999"	"11"	"24"	"0.3"	"2.85"	"2.11"	""	""	"0"	"0"	"0"	"0"	"0"	"0"	"0"	"0"	"0"
"1999"	"11"	"25"	"0.1"	"4.4"	"2.09"	""	""	"0"	"0"	"0"	"0"	"0"	"0"	"0"	"0"	"0"
"1999"	"11"	"26"	"0.0"	"4.8"	"3.14"	""	""	"0"	"0"	"0"	"0"	"0"	"0"	"0"	"0"	"0"
"1999"	"11"	"27"	"1.2"	"3.8"	"4.33"	""	""	"0"	"0"	"0"	"0"	"0"	"0"	"0"	"0"	"0"
"1999"	"11"	"28"	"1.5"	"6.55"	"3.32"	""	""	"0"	"0"	"0"	"0"	"0"	"0"	"0"	"0"	"0"
"1999"	"11"	"29"	"0.1"	"4.5"	"1.94"	""	""	"0"	"0"	"0"	"0"	"0"	"0"	"0"	"0"	"0"
"1999"	"11"	"30"	"6.2"	"4.25"	"3.16"	""	""	"0"	"0"	"0"	"0"	"0"	"0"	"0"	"0"	"0"
"1999"	"12"	"1"	"0.0"	"8.0"	"2.04"	""	""	"0"	"0"	"0"	"0"	"0"	"0"	"0"	"0"	"0"
"1999"	"12"	"2"	"0.0"	"5.7"	"2.58"	""	""	"0"	"0"	"0"	"0"	"0"	"0"	"0"	"0"	"0"
"1999"	"12"	"3"	"0.3"	"6.2"	"1.95"	""	""	"0"	"0"	"0"	"0"	"0"	"0"	"0"	"0"	"0"
"1999"	"12"	"4"	"0.2"	"4.45"	"1.84"	""	""	"0"	"0"	"0"	"0"	"0"	"0"	"0"	"0"	"0"
"1999"	"12"	"5"	"0.0"	"2.75"	"1.83"	""	""	"0"	"0"	"0"	"0"	"0"	"0"	"0"	"0"	"0"
"1999"	"12"	"6"	"0.0"	"1.7"	"2.55"	""	""	"0"	"0"	"0"	"0"	"0"	"0"	"0"	"0"	"0"
"1999"	"12"	"7"	"0.0"	"6.35"	"1.8"	""	""	"0"	"0"	"0"	"0"	"0"	"0"	"0"	"0"	"0"
"1999"	"12"	"8"	"0.0"	"6.35"	"2.01"	""	""	"0"	"0"	"0"	"0"	"0"	"0"	"0"	"0"	"0"
"1999"	"12"	"9"	"0.0"	"7.95"	"1.77"	""	""	"0"	"0"	"0"	"0"	"0"	"0"	"0"	"0"	"0"
"1999"	"12"	"10"	"0.0"	"5.95"	"1.99"	""	""	"0"	"0"	"0"	"0"	"0"	"0"	"0"	"0"	"0"
"1999"	"12"	"11"	"0.0"	"6.75"	"2.83"	""	""	"0"	"0"	"0"	"0"	"0"	"0"	"0"	"0"	"0"
"1999"	"12"	"12"	"0.0"	"9.15"	"2.33"	""	""	"0"	"0"	"0"	"0"	"0"	"0"	"0"	"0"	"0"
"1999"	"12"	"13"	"0.0"	"5.1"	"2.54"	""	""	"0"	"0"	"0"	"0"	"0"	"0"	"0"	"0"	"0"
"1999"	"12"	"14"	"4.7"	"3.1"	"2.18"	""	""	"0"	"0"	"0"	"0"	"0"	"0"	"0"	"0"	"0"
"1999"	"12"	"15"	"0.7"	"0.75"	"1.73"	""	""	"0"	"0"	"0"	"0"	"0"	"0"	"0"	"0"	"0"
"1999"	"12"	"16"	"0.2"	"-1.35"	"1.72"	""	""	"0"	"0"	"0"	"0"	"0"	"0"	"0"	"0"	"0"
"1999"	"12"	"17"	"0.0"	"0.2"	"3.53"	""	""	"0"	"0"	"0"	"0"	"0"	"0"	"0"	"0"	"0"
"1999"	"12"	"18"	"0.0"	"1.75"	"2.11"	""	""	"0"	"0"	"0"	"0"	"0"	"0"	"0"	"0"	"0"
"1999"	"12"	"19"	"0.3"	"0.7"	"1.72"	""	""	"0"	"0"	"0"	"0"	"0"	"0"	"0"	"0"	"0"
"1999"	"12"	"20"	"1.0"	"1.25"	"4.19"	""	""	"0"	"0"	"0"	"0"	"0"	"0"	"0"	"0"	"0"
"1999"	"12"	"21"	"18.7"	"-0.4"	"1.72"	""	""	"0"	"0"	"0"	"0"	"0"	"0"	"0"	"0"	"0"
"1999"	"12"	"22"	"0.4"	"-2.75"	"1.72"	""	""	"0"	"0"	"0"	"0"	"0"	"0"	"0"	"0"	"0"
"1999"	"12"	"23"	"0.4"	"-3.3"	"1.77"	""	""	"0"	"0"	"0"	"0"	"0"	"0"	"0"	"0"	"0"
"1999"	"12"	"24"	"3.5"	"1.65"	"1.77"	""	""	"0"	"0"	"0"	"0"	"0"	"0"	"0"	"0"	"0"
"1999"	"12"	"25"	"4.4"	"6.55"	"1.73"	""	""	"0"	"0"	"0"	"0"	"0"	"0"	"0"	"0"	"0"
"1999"	"12"	"26"	"4.5"	"3.6"	"1.83"	""	""	"0"	"0"	"0"	"0"	"0"	"0"	"0"	"0"	"0"
"1999"	"12"	"27"	"2.9"	"2.65"	"2.02"	""	""	"0"	"0"	"0"	"0"	"0"	"0"	"0"	"0"	"0"
"1999"	"12"	"28"	"10.5"	"1.85"	"1.8"	""	""	"0"	"0"	"0"	"0"	"0"	"0"	"0"	"0"	"0"
"1999"	"12"	"29"	"9.3"	"2.5"	"1.77"	""	""	"0"	"0"	"0"	"0"	"0"	"0"	"0"	"0"	"0"
"1999"	"12"	"30"	"1.2"	"2.55"	"1.78"	""	""	"0"	"0"	"0"	"0"	"0"	"0"	"0"	"0"	"0"
